[Tue 06 Oct 2026 14:45:01 AEDT] Starting pipeline run
[Tue 06 Oct 2026 14:45:01 AEDT] Starting data ingestion
[2026-10-06T03:45:02.279713+00:00] Fetching ticker data...
Traceback (most recent call last):
  File "/home/skarmach/dbt-local-project/dbt-env/lib/python3.13/site-packages/dlt/pipeline/pipeline.py", line 870, in _sync_destination
    remote_state = self._restore_state_from_destination()
  File "/home/skarmach/dbt-local-project/dbt-env/lib/python3.13/site-packages/dlt/pipeline/pipeline.py", line 1938, in _restore_state_from_destination
    with self._get_destination_clients(schema)[0] as job_client:
         ~~~~~~~~~~~~~~~~~~~~~~~~~~~~~^^^^^^^^
  File "/home/skarmach/dbt-local-project/dbt-env/lib/python3.13/site-packages/dlt/pipeline/pipeline.py", line 1692, in _get_destination_clients
    destination_client, staging_client = get_destination_clients(
                                         ~~~~~~~~~~~~~~~~~~~~~~~^
        schema=schema or self.default_schema,
        ^^^^^^^^^^^^^^^^^^^^^^^^^^^^^^^^^^^^^
    ...<10 lines>...
        ),
        ^^
    )
    ^
  File "/home/skarmach/dbt-local-project/dbt-env/lib/python3.13/site-packages/dlt/dataset/utils.py", line 85, in get_destination_clients
    client = destination.client(schema, initial_config)
  File "/home/skarmach/dbt-local-project/dbt-env/lib/python3.13/site-packages/dlt/common/destination/reference.py", line 197, in client
    config = self.configuration(initial_config)
  File "/home/skarmach/dbt-local-project/dbt-env/lib/python3.13/site-packages/dlt/common/destination/reference.py", line 184, in configuration
    config = resolve_configuration(
        initial_config or self.spec(),
    ...<3 lines>...
        accept_partial=accept_partial,
    )
  File "/home/skarmach/dbt-local-project/dbt-env/lib/python3.13/site-packages/dlt/common/configuration/resolve.py", line 92, in resolve_configuration
    return _resolve_configuration(config, sections, (), explicit_value, accept_partial)
  File "/home/skarmach/dbt-local-project/dbt-env/lib/python3.13/site-packages/dlt/common/configuration/resolve.py", line 200, in _resolve_configuration
    _resolve_config_fields(
    ~~~~~~~~~~~~~~~~~~~~~~^
        config, explicit_value, explicit_sections, embedded_sections, accept_partial
        ^^^^^^^^^^^^^^^^^^^^^^^^^^^^^^^^^^^^^^^^^^^^^^^^^^^^^^^^^^^^^^^^^^^^^^^^^^^^
    )
    ^
  File "/home/skarmach/dbt-local-project/dbt-env/lib/python3.13/site-packages/dlt/common/configuration/resolve.py", line 386, in _resolve_config_fields
    raise ConfigFieldMissingException(config, unresolved_fields)
dlt.common.configuration.exceptions.ConfigFieldMissingException: Missing 1 field(s) in configuration `PostgresClientConfiguration`: `credentials`
field `credentials` is itself a configuration `PostgresCredentials` with missing field(s): `database`, `password`, `username`, `host`
  for field `database` the following (config provider, key) were tried in order:
    (Environment Variables, CRYPTO_REALTIME__DESTINATION__POSTGRES__CREDENTIALS__DATABASE)
    (Environment Variables, CRYPTO_REALTIME__DESTINATION__CREDENTIALS__DATABASE)
    (Environment Variables, CRYPTO_REALTIME__CREDENTIALS__DATABASE)
    (Environment Variables, DESTINATION__POSTGRES__CREDENTIALS__DATABASE)
    (Environment Variables, DESTINATION__CREDENTIALS__DATABASE)
    (Environment Variables, CREDENTIALS__DATABASE)
  for field `password` the following (config provider, key) were tried in order:
    (Environment Variables, CRYPTO_REALTIME__DESTINATION__POSTGRES__CREDENTIALS__PASSWORD)
    (Environment Variables, CRYPTO_REALTIME__DESTINATION__CREDENTIALS__PASSWORD)
    (Environment Variables, CRYPTO_REALTIME__CREDENTIALS__PASSWORD)
    (Environment Variables, DESTINATION__POSTGRES__CREDENTIALS__PASSWORD)
    (Environment Variables, DESTINATION__CREDENTIALS__PASSWORD)
    (Environment Variables, CREDENTIALS__PASSWORD)
  for field `username` the following (config provider, key) were tried in order:
    (Environment Variables, CRYPTO_REALTIME__DESTINATION__POSTGRES__CREDENTIALS__USERNAME)
    (Environment Variables, CRYPTO_REALTIME__DESTINATION__CREDENTIALS__USERNAME)
    (Environment Variables, CRYPTO_REALTIME__CREDENTIALS__USERNAME)
    (Environment Variables, DESTINATION__POSTGRES__CREDENTIALS__USERNAME)
    (Environment Variables, DESTINATION__CREDENTIALS__USERNAME)
    (Environment Variables, CREDENTIALS__USERNAME)
  for field `host` the following (config provider, key) were tried in order:
    (Environment Variables, CRYPTO_REALTIME__DESTINATION__POSTGRES__CREDENTIALS__HOST)
    (Environment Variables, CRYPTO_REALTIME__DESTINATION__CREDENTIALS__HOST)
    (Environment Variables, CRYPTO_REALTIME__CREDENTIALS__HOST)
    (Environment Variables, DESTINATION__POSTGRES__CREDENTIALS__HOST)
    (Environment Variables, DESTINATION__CREDENTIALS__HOST)
    (Environment Variables, CREDENTIALS__HOST)

NOTE: following fields in `PostgresClientConfiguration` got resolved: `csv_format`
Provider `secrets.toml` probed but not found the following locations:
	- /home/skarmach/.dlt/secrets.toml
	- /home/skarmach/.dlt/secrets.toml
WARNING: provider `secrets.toml` is empty. Locations (i.e., files) are missing or empty.
Provider `config.toml` probed but not found the following locations:
	- /home/skarmach/.dlt/config.toml
	- /home/skarmach/.dlt/config.toml
WARNING: provider `config.toml` is empty. Locations (i.e., files) are missing or empty.

WARNING: Active pipeline `crypto_realtime` used `/home/skarmach/dbt-local-project/crypto_pipeline/ingest/.dlt` directory to read config and secrets for the last successful run. Different directory `/home/skarmach/.dlt` is used now which may be the reason for configuration not resolving.
If you keep `.dlt` folder with secret files in the same directory as your pipeline script but run your script or a dlt cli command from some other folder, secrets/configs will not be found.
Learn more: https://dlthub.com/docs/general-usage/credentials/


The above exception was the direct cause of the following exception:

Traceback (most recent call last):
  File "/home/skarmach/dbt-local-project/crypto_pipeline/ingest/ingest_crypto.py", line 50, in <module>
    load_info = pipeline.run(
        cleaned_records,
        table_name="pricing_history",
        write_disposition="append"
    )
  File "/home/skarmach/dbt-local-project/dbt-env/lib/python3.13/site-packages/dlt/pipeline/pipeline.py", line 237, in _wrap
    step_info = f(self, *args, **kwargs)
  File "/home/skarmach/dbt-local-project/dbt-env/lib/python3.13/site-packages/dlt/pipeline/pipeline.py", line 285, in _wrap
    return f(self, *args, **kwargs)
  File "/home/skarmach/dbt-local-project/dbt-env/lib/python3.13/site-packages/dlt/pipeline/pipeline.py", line 795, in run
    self._sync_destination(destination, staging, dataset_name)
    ~~~~~~~~~~~~~~~~~~~~~~^^^^^^^^^^^^^^^^^^^^^^^^^^^^^^^^^^^^
  File "/home/skarmach/dbt-local-project/dbt-env/lib/python3.13/site-packages/dlt/pipeline/pipeline.py", line 190, in _wrap
    rv = f(self, *args, **kwargs)
  File "/home/skarmach/dbt-local-project/dbt-env/lib/python3.13/site-packages/dlt/pipeline/pipeline.py", line 949, in _sync_destination
    raise PipelineStepFailed(self, "sync", None, ex, None) from ex
dlt.pipeline.exceptions.PipelineStepFailed: Pipeline execution failed at `step=sync` with exception:

<class 'dlt.common.configuration.exceptions.ConfigFieldMissingException'>
Missing 1 field(s) in configuration `PostgresClientConfiguration`: `credentials`
field `credentials` is itself a configuration `PostgresCredentials` with missing field(s): `database`, `password`, `username`, `host`
  for field `database` the following (config provider, key) were tried in order:
    (Environment Variables, CRYPTO_REALTIME__DESTINATION__POSTGRES__CREDENTIALS__DATABASE)
    (Environment Variables, CRYPTO_REALTIME__DESTINATION__CREDENTIALS__DATABASE)
    (Environment Variables, CRYPTO_REALTIME__CREDENTIALS__DATABASE)
    (Environment Variables, DESTINATION__POSTGRES__CREDENTIALS__DATABASE)
    (Environment Variables, DESTINATION__CREDENTIALS__DATABASE)
    (Environment Variables, CREDENTIALS__DATABASE)
  for field `password` the following (config provider, key) were tried in order:
    (Environment Variables, CRYPTO_REALTIME__DESTINATION__POSTGRES__CREDENTIALS__PASSWORD)
    (Environment Variables, CRYPTO_REALTIME__DESTINATION__CREDENTIALS__PASSWORD)
    (Environment Variables, CRYPTO_REALTIME__CREDENTIALS__PASSWORD)
    (Environment Variables, DESTINATION__POSTGRES__CREDENTIALS__PASSWORD)
    (Environment Variables, DESTINATION__CREDENTIALS__PASSWORD)
    (Environment Variables, CREDENTIALS__PASSWORD)
  for field `username` the following (config provider, key) were tried in order:
    (Environment Variables, CRYPTO_REALTIME__DESTINATION__POSTGRES__CREDENTIALS__USERNAME)
    (Environment Variables, CRYPTO_REALTIME__DESTINATION__CREDENTIALS__USERNAME)
    (Environment Variables, CRYPTO_REALTIME__CREDENTIALS__USERNAME)
    (Environment Variables, DESTINATION__POSTGRES__CREDENTIALS__USERNAME)
    (Environment Variables, DESTINATION__CREDENTIALS__USERNAME)
    (Environment Variables, CREDENTIALS__USERNAME)
  for field `host` the following (config provider, key) were tried in order:
    (Environment Variables, CRYPTO_REALTIME__DESTINATION__POSTGRES__CREDENTIALS__HOST)
    (Environment Variables, CRYPTO_REALTIME__DESTINATION__CREDENTIALS__HOST)
    (Environment Variables, CRYPTO_REALTIME__CREDENTIALS__HOST)
    (Environment Variables, DESTINATION__POSTGRES__CREDENTIALS__HOST)
    (Environment Variables, DESTINATION__CREDENTIALS__HOST)
    (Environment Variables, CREDENTIALS__HOST)

NOTE: following fields in `PostgresClientConfiguration` got resolved: `csv_format`
Provider `secrets.toml` probed but not found the following locations:
	- /home/skarmach/.dlt/secrets.toml
	- /home/skarmach/.dlt/secrets.toml
WARNING: provider `secrets.toml` is empty. Locations (i.e., files) are missing or empty.
Provider `config.toml` probed but not found the following locations:
	- /home/skarmach/.dlt/config.toml
	- /home/skarmach/.dlt/config.toml
WARNING: provider `config.toml` is empty. Locations (i.e., files) are missing or empty.

WARNING: Active pipeline `crypto_realtime` used `/home/skarmach/dbt-local-project/crypto_pipeline/ingest/.dlt` directory to read config and secrets for the last successful run. Different directory `/home/skarmach/.dlt` is used now which may be the reason for configuration not resolving.
If you keep `.dlt` folder with secret files in the same directory as your pipeline script but run your script or a dlt cli command from some other folder, secrets/configs will not be found.
Learn more: https://dlthub.com/docs/general-usage/credentials/

[Tue 06 Oct 2026 14:50:01 AEDT] Starting pipeline run
[Tue 06 Oct 2026 14:50:01 AEDT] Starting data ingestion
[2026-10-06T03:50:02.480256+00:00] Fetching ticker data...
Ingested successful: Pipeline crypto_realtime load step finished in 0.08 seconds
1 load package(s) were loaded to destination postgres and into dataset raw_crypto
The postgres destination used postgresql://dbt_user:***@localhost:5432/dbt_practice location to store data
Load package 1791258608.082206 is LOADED and contains no failed jobs
[Tue 06 Oct 2026 14:50:13 AEDT] Starting data transformation
[0m03:50:16  Running with dbt=1.12.5
[0m03:50:16  Registered adapter: postgres=1.11.0
[0m03:50:17  Found 2 models, 1 source, 477 macros
[0m03:50:17  
[0m03:50:17  Concurrency: 4 threads (target='dev')
[0m03:50:17  
[0m03:50:17  1 of 2 START sql view model raw_crypto.stg_crypto_prices ....................... [RUN]
[0m03:50:17  1 of 2 OK created sql view model raw_crypto.stg_crypto_prices .................. [[32mCREATE VIEW[0m in 0.19s]
[0m03:50:17  2 of 2 START sql table model raw_crypto.fct_crypto_metrics ..................... [RUN]
[0m03:50:17  2 of 2 OK created sql table model raw_crypto.fct_crypto_metrics ................ [[32mSELECT 10[0m in 0.11s]
[0m03:50:18  
[0m03:50:18  Finished running 1 table model, 1 view model in 0 hours 0 minutes and 0.58 seconds (0.58s).
[0m03:50:18  
[0m03:50:18  [32mCompleted successfully[0m
[0m03:50:18  
[0m03:50:18  Done. PASS=2 WARN=0 ERROR=0 SKIP=0 NO-OP=0 REUSED=0 TOTAL=2
[Tue 06 Oct 2026 14:55:01 AEDT] Starting pipeline run
[Tue 06 Oct 2026 14:55:01 AEDT] Starting data ingestion
[2026-10-06T03:55:03.108407+00:00] Fetching ticker data...
Ingested successful: Pipeline crypto_realtime load step finished in 0.13 seconds
1 load package(s) were loaded to destination postgres and into dataset raw_crypto
The postgres destination used postgresql://dbt_user:***@localhost:5432/dbt_practice location to store data
Load package 1791258908.803642 is LOADED and contains no failed jobs
[Tue 06 Oct 2026 14:55:14 AEDT] Starting data transformation
[0m03:55:17  Running with dbt=1.12.5
[0m03:55:18  Registered adapter: postgres=1.11.0
[0m03:55:19  Found 2 models, 1 source, 477 macros
[0m03:55:19  
[0m03:55:19  Concurrency: 4 threads (target='dev')
[0m03:55:19  
[0m03:55:19  1 of 2 START sql view model raw_crypto.stg_crypto_prices ....................... [RUN]
[0m03:55:19  1 of 2 OK created sql view model raw_crypto.stg_crypto_prices .................. [[32mCREATE VIEW[0m in 0.21s]
[0m03:55:19  2 of 2 START sql table model raw_crypto.fct_crypto_metrics ..................... [RUN]
[0m03:55:19  2 of 2 OK created sql table model raw_crypto.fct_crypto_metrics ................ [[32mSELECT 12[0m in 0.10s]
[0m03:55:19  
[0m03:55:19  Finished running 1 table model, 1 view model in 0 hours 0 minutes and 0.59 seconds (0.59s).
[0m03:55:19  
[0m03:55:19  [32mCompleted successfully[0m
[0m03:55:19  
[0m03:55:19  Done. PASS=2 WARN=0 ERROR=0 SKIP=0 NO-OP=0 REUSED=0 TOTAL=2
[Tue 06 Oct 2026 15:00:01 AEDT] Starting pipeline run
[Tue 06 Oct 2026 15:00:01 AEDT] Starting data ingestion
[2026-10-06T04:00:02.497909+00:00] Fetching ticker data...
Ingested successful: Pipeline crypto_realtime load step finished in 0.08 seconds
1 load package(s) were loaded to destination postgres and into dataset raw_crypto
The postgres destination used postgresql://dbt_user:***@localhost:5432/dbt_practice location to store data
Load package 1791259211.6208131 is LOADED and contains no failed jobs
[Tue 06 Oct 2026 15:00:18 AEDT] Starting data transformation
[0m04:00:22  Running with dbt=1.12.5
[0m04:00:22  Registered adapter: postgres=1.11.0
[0m04:00:23  Found 2 models, 1 source, 477 macros
[0m04:00:23  
[0m04:00:23  Concurrency: 4 threads (target='dev')
[0m04:00:23  
[0m04:00:23  1 of 2 START sql view model raw_crypto.stg_crypto_prices ....................... [RUN]
[0m04:00:23  1 of 2 OK created sql view model raw_crypto.stg_crypto_prices .................. [[32mCREATE VIEW[0m in 0.22s]
[0m04:00:23  2 of 2 START sql table model raw_crypto.fct_crypto_metrics ..................... [RUN]
[0m04:00:23  2 of 2 OK created sql table model raw_crypto.fct_crypto_metrics ................ [[32mSELECT 14[0m in 0.09s]
[0m04:00:24  
[0m04:00:24  Finished running 1 table model, 1 view model in 0 hours 0 minutes and 0.51 seconds (0.51s).
[0m04:00:24  
[0m04:00:24  [32mCompleted successfully[0m
[0m04:00:24  
[0m04:00:24  Done. PASS=2 WARN=0 ERROR=0 SKIP=0 NO-OP=0 REUSED=0 TOTAL=2
[Tue 06 Oct 2026 15:05:01 AEDT] Starting pipeline run
[Tue 06 Oct 2026 15:05:01 AEDT] Starting data ingestion
[2026-10-06T04:05:02.125881+00:00] Fetching ticker data...
Ingested successful: Pipeline crypto_realtime load step finished in 0.08 seconds
1 load package(s) were loaded to destination postgres and into dataset raw_crypto
The postgres destination used postgresql://dbt_user:***@localhost:5432/dbt_practice location to store data
Load package 1791259508.991688 is LOADED and contains no failed jobs
[Tue 06 Oct 2026 15:05:14 AEDT] Starting data transformation
[0m04:05:17  Running with dbt=1.12.5
[0m04:05:18  Registered adapter: postgres=1.11.0
[0m04:05:19  Found 2 models, 1 source, 477 macros
[0m04:05:19  
[0m04:05:19  Concurrency: 4 threads (target='dev')
[0m04:05:19  
[0m04:05:19  1 of 2 START sql view model raw_crypto.stg_crypto_prices ....................... [RUN]
[0m04:05:19  1 of 2 OK created sql view model raw_crypto.stg_crypto_prices .................. [[32mCREATE VIEW[0m in 0.19s]
[0m04:05:19  2 of 2 START sql table model raw_crypto.fct_crypto_metrics ..................... [RUN]
[0m04:05:19  2 of 2 OK created sql table model raw_crypto.fct_crypto_metrics ................ [[32mSELECT 16[0m in 0.14s]
[0m04:05:19  
[0m04:05:19  Finished running 1 table model, 1 view model in 0 hours 0 minutes and 0.56 seconds (0.56s).
[0m04:05:19  
[0m04:05:19  [32mCompleted successfully[0m
[0m04:05:19  
[0m04:05:19  Done. PASS=2 WARN=0 ERROR=0 SKIP=0 NO-OP=0 REUSED=0 TOTAL=2
[Tue 06 Oct 2026 15:10:01 AEDT] Starting pipeline run
[Tue 06 Oct 2026 15:10:01 AEDT] Starting data ingestion
[2026-10-06T04:10:02.406432+00:00] Fetching ticker data...
Ingested successful: Pipeline crypto_realtime load step finished in 0.10 seconds
1 load package(s) were loaded to destination postgres and into dataset raw_crypto
The postgres destination used postgresql://dbt_user:***@localhost:5432/dbt_practice location to store data
Load package 1791259807.982305 is LOADED and contains no failed jobs
[Tue 06 Oct 2026 15:10:13 AEDT] Starting data transformation
[0m04:10:16  Running with dbt=1.12.5
[0m04:10:16  Registered adapter: postgres=1.11.0
[0m04:10:17  Found 2 models, 1 source, 477 macros
[0m04:10:17  
[0m04:10:17  Concurrency: 4 threads (target='dev')
[0m04:10:17  
[0m04:10:17  1 of 2 START sql view model raw_crypto.stg_crypto_prices ....................... [RUN]
[0m04:10:17  1 of 2 OK created sql view model raw_crypto.stg_crypto_prices .................. [[32mCREATE VIEW[0m in 0.19s]
[0m04:10:17  2 of 2 START sql table model raw_crypto.fct_crypto_metrics ..................... [RUN]
[0m04:10:17  2 of 2 OK created sql table model raw_crypto.fct_crypto_metrics ................ [[32mSELECT 18[0m in 0.14s]
[0m04:10:17  
[0m04:10:17  Finished running 1 table model, 1 view model in 0 hours 0 minutes and 0.60 seconds (0.60s).
[0m04:10:18  
[0m04:10:18  [32mCompleted successfully[0m
[0m04:10:18  
[0m04:10:18  Done. PASS=2 WARN=0 ERROR=0 SKIP=0 NO-OP=0 REUSED=0 TOTAL=2
[Tue 06 Oct 2026 15:15:01 AEDT] Starting pipeline run
[Tue 06 Oct 2026 15:15:01 AEDT] Starting data ingestion
[2026-10-06T04:15:02.372337+00:00] Fetching ticker data...
Ingested successful: Pipeline crypto_realtime load step finished in 0.07 seconds
1 load package(s) were loaded to destination postgres and into dataset raw_crypto
The postgres destination used postgresql://dbt_user:***@localhost:5432/dbt_practice location to store data
Load package 1791260103.016066 is LOADED and contains no failed jobs
[Tue 06 Oct 2026 15:15:08 AEDT] Starting data transformation
[0m04:15:10  Running with dbt=1.12.5
[0m04:15:11  Registered adapter: postgres=1.11.0
[0m04:15:11  Found 2 models, 1 source, 477 macros
[0m04:15:11  
[0m04:15:11  Concurrency: 4 threads (target='dev')
[0m04:15:11  
[0m04:15:11  1 of 2 START sql view model raw_crypto.stg_crypto_prices ....................... [RUN]
[0m04:15:12  1 of 2 OK created sql view model raw_crypto.stg_crypto_prices .................. [[32mCREATE VIEW[0m in 0.15s]
[0m04:15:12  2 of 2 START sql table model raw_crypto.fct_crypto_metrics ..................... [RUN]
[0m04:15:12  2 of 2 OK created sql table model raw_crypto.fct_crypto_metrics ................ [[32mSELECT 20[0m in 0.11s]
[0m04:15:12  
[0m04:15:12  Finished running 1 table model, 1 view model in 0 hours 0 minutes and 0.49 seconds (0.49s).
[0m04:15:12  
[0m04:15:12  [32mCompleted successfully[0m
[0m04:15:12  
[0m04:15:12  Done. PASS=2 WARN=0 ERROR=0 SKIP=0 NO-OP=0 REUSED=0 TOTAL=2
[Tue 06 Oct 2026 15:20:01 AEDT] Starting pipeline run
[Tue 06 Oct 2026 15:20:01 AEDT] Starting data ingestion
[2026-10-06T04:20:03.322054+00:00] Fetching ticker data...
Ingested successful: Pipeline crypto_realtime load step finished in 0.18 seconds
1 load package(s) were loaded to destination postgres and into dataset raw_crypto
The postgres destination used postgresql://dbt_user:***@localhost:5432/dbt_practice location to store data
Load package 1791260409.0138972 is LOADED and contains no failed jobs
[Tue 06 Oct 2026 15:20:14 AEDT] Starting data transformation
[0m04:20:18  Running with dbt=1.12.5
[0m04:20:19  Registered adapter: postgres=1.11.0
[0m04:20:20  Found 2 models, 1 source, 477 macros
[0m04:20:20  
[0m04:20:20  Concurrency: 4 threads (target='dev')
[0m04:20:20  
[0m04:20:20  1 of 2 START sql view model raw_crypto.stg_crypto_prices ....................... [RUN]
[0m04:20:20  1 of 2 OK created sql view model raw_crypto.stg_crypto_prices .................. [[32mCREATE VIEW[0m in 0.28s]
[0m04:20:20  2 of 2 START sql table model raw_crypto.fct_crypto_metrics ..................... [RUN]
[0m04:20:20  2 of 2 OK created sql table model raw_crypto.fct_crypto_metrics ................ [[32mSELECT 22[0m in 0.11s]
[0m04:20:20  
[0m04:20:20  Finished running 1 table model, 1 view model in 0 hours 0 minutes and 0.72 seconds (0.72s).
[0m04:20:20  
[0m04:20:20  [32mCompleted successfully[0m
[0m04:20:20  
[0m04:20:20  Done. PASS=2 WARN=0 ERROR=0 SKIP=0 NO-OP=0 REUSED=0 TOTAL=2
[Tue 06 Oct 2026 15:25:01 AEDT] Starting pipeline run
[Tue 06 Oct 2026 15:25:01 AEDT] Starting data ingestion
[2026-10-06T04:25:03.265660+00:00] Fetching ticker data...
Ingested successful: Pipeline crypto_realtime load step finished in 0.08 seconds
1 load package(s) were loaded to destination postgres and into dataset raw_crypto
The postgres destination used postgresql://dbt_user:***@localhost:5432/dbt_practice location to store data
Load package 1791260711.1514509 is LOADED and contains no failed jobs
[Tue 06 Oct 2026 15:25:17 AEDT] Starting data transformation
[0m04:25:20  Running with dbt=1.12.5
[0m04:25:20  Registered adapter: postgres=1.11.0
[0m04:25:21  Found 2 models, 1 source, 477 macros
[0m04:25:21  
[0m04:25:21  Concurrency: 4 threads (target='dev')
[0m04:25:21  
[0m04:25:21  1 of 2 START sql view model raw_crypto.stg_crypto_prices ....................... [RUN]
[0m04:25:21  1 of 2 OK created sql view model raw_crypto.stg_crypto_prices .................. [[32mCREATE VIEW[0m in 0.18s]
[0m04:25:21  2 of 2 START sql table model raw_crypto.fct_crypto_metrics ..................... [RUN]
[0m04:25:22  2 of 2 OK created sql table model raw_crypto.fct_crypto_metrics ................ [[32mSELECT 24[0m in 0.12s]
[0m04:25:22  
[0m04:25:22  Finished running 1 table model, 1 view model in 0 hours 0 minutes and 0.55 seconds (0.55s).
[0m04:25:22  
[0m04:25:22  [32mCompleted successfully[0m
[0m04:25:22  
[0m04:25:22  Done. PASS=2 WARN=0 ERROR=0 SKIP=0 NO-OP=0 REUSED=0 TOTAL=2
[Tue 06 Oct 2026 15:30:01 AEDT] Starting pipeline run
[Tue 06 Oct 2026 15:30:01 AEDT] Starting data ingestion
[2026-10-06T04:30:02.289217+00:00] Fetching ticker data...
Ingested successful: Pipeline crypto_realtime load step finished in 0.07 seconds
1 load package(s) were loaded to destination postgres and into dataset raw_crypto
The postgres destination used postgresql://dbt_user:***@localhost:5432/dbt_practice location to store data
Load package 1791261012.9936104 is LOADED and contains no failed jobs
[Tue 06 Oct 2026 15:30:18 AEDT] Starting data transformation
[0m04:30:21  Running with dbt=1.12.5
[0m04:30:21  Registered adapter: postgres=1.11.0
[0m04:30:22  Found 2 models, 1 source, 477 macros
[0m04:30:22  
[0m04:30:22  Concurrency: 4 threads (target='dev')
[0m04:30:22  
[0m04:30:22  1 of 2 START sql view model raw_crypto.stg_crypto_prices ....................... [RUN]
[0m04:30:22  1 of 2 OK created sql view model raw_crypto.stg_crypto_prices .................. [[32mCREATE VIEW[0m in 0.19s]
[0m04:30:22  2 of 2 START sql table model raw_crypto.fct_crypto_metrics ..................... [RUN]
[0m04:30:22  2 of 2 OK created sql table model raw_crypto.fct_crypto_metrics ................ [[32mSELECT 26[0m in 0.09s]
[0m04:30:22  
[0m04:30:22  Finished running 1 table model, 1 view model in 0 hours 0 minutes and 0.53 seconds (0.53s).
[0m04:30:22  
[0m04:30:22  [32mCompleted successfully[0m
[0m04:30:22  
[0m04:30:22  Done. PASS=2 WARN=0 ERROR=0 SKIP=0 NO-OP=0 REUSED=0 TOTAL=2
[Tue 06 Oct 2026 15:35:01 AEDT] Starting pipeline run
[Tue 06 Oct 2026 15:35:01 AEDT] Starting data ingestion
[2026-10-06T04:35:02.721039+00:00] Fetching ticker data...
Ingested successful: Pipeline crypto_realtime load step finished in 0.09 seconds
1 load package(s) were loaded to destination postgres and into dataset raw_crypto
The postgres destination used postgresql://dbt_user:***@localhost:5432/dbt_practice location to store data
Load package 1791261308.337843 is LOADED and contains no failed jobs
[Tue 06 Oct 2026 15:35:14 AEDT] Starting data transformation
[0m04:35:16  Running with dbt=1.12.5
[0m04:35:17  Registered adapter: postgres=1.11.0
[0m04:35:18  Found 2 models, 1 source, 477 macros
[0m04:35:18  
[0m04:35:18  Concurrency: 4 threads (target='dev')
[0m04:35:18  
[0m04:35:18  1 of 2 START sql view model raw_crypto.stg_crypto_prices ....................... [RUN]
[0m04:35:18  1 of 2 OK created sql view model raw_crypto.stg_crypto_prices .................. [[32mCREATE VIEW[0m in 0.29s]
[0m04:35:18  2 of 2 START sql table model raw_crypto.fct_crypto_metrics ..................... [RUN]
[0m04:35:19  2 of 2 OK created sql table model raw_crypto.fct_crypto_metrics ................ [[32mSELECT 28[0m in 0.15s]
[0m04:35:19  
[0m04:35:19  Finished running 1 table model, 1 view model in 0 hours 0 minutes and 0.82 seconds (0.82s).
[0m04:35:19  
[0m04:35:19  [32mCompleted successfully[0m
[0m04:35:19  
[0m04:35:19  Done. PASS=2 WARN=0 ERROR=0 SKIP=0 NO-OP=0 REUSED=0 TOTAL=2
[Tue 06 Oct 2026 15:40:01 AEDT] Starting pipeline run
[Tue 06 Oct 2026 15:40:01 AEDT] Starting data ingestion
[2026-10-06T04:40:03.774216+00:00] Fetching ticker data...
Ingested successful: Pipeline crypto_realtime load step finished in 0.15 seconds
1 load package(s) were loaded to destination postgres and into dataset raw_crypto
The postgres destination used postgresql://dbt_user:***@localhost:5432/dbt_practice location to store data
Load package 1791261609.6385136 is LOADED and contains no failed jobs
[Tue 06 Oct 2026 15:40:15 AEDT] Starting data transformation
[0m04:40:19  Running with dbt=1.12.5
[0m04:40:19  Registered adapter: postgres=1.11.0
[0m04:40:20  Found 2 models, 1 source, 477 macros
[0m04:40:20  
[0m04:40:20  Concurrency: 4 threads (target='dev')
[0m04:40:20  
[0m04:40:21  1 of 2 START sql view model raw_crypto.stg_crypto_prices ....................... [RUN]
[0m04:40:21  1 of 2 OK created sql view model raw_crypto.stg_crypto_prices .................. [[32mCREATE VIEW[0m in 0.35s]
[0m04:40:21  2 of 2 START sql table model raw_crypto.fct_crypto_metrics ..................... [RUN]
[0m04:40:21  2 of 2 OK created sql table model raw_crypto.fct_crypto_metrics ................ [[32mSELECT 30[0m in 0.13s]
[0m04:40:21  
[0m04:40:21  Finished running 1 table model, 1 view model in 0 hours 0 minutes and 0.74 seconds (0.74s).
[0m04:40:21  
[0m04:40:21  [32mCompleted successfully[0m
[0m04:40:21  
[0m04:40:21  Done. PASS=2 WARN=0 ERROR=0 SKIP=0 NO-OP=0 REUSED=0 TOTAL=2
[Tue 06 Oct 2026 15:45:01 AEDT] Starting pipeline run
[Tue 06 Oct 2026 15:45:01 AEDT] Starting data ingestion
[2026-10-06T04:45:02.983597+00:00] Fetching ticker data...
Ingested successful: Pipeline crypto_realtime load step finished in 0.10 seconds
1 load package(s) were loaded to destination postgres and into dataset raw_crypto
The postgres destination used postgresql://dbt_user:***@localhost:5432/dbt_practice location to store data
Load package 1791261908.5248048 is LOADED and contains no failed jobs
[Tue 06 Oct 2026 15:45:14 AEDT] Starting data transformation
[0m04:45:17  Running with dbt=1.12.5
[0m04:45:18  Registered adapter: postgres=1.11.0
[0m04:45:19  Found 2 models, 1 source, 477 macros
[0m04:45:19  
[0m04:45:19  Concurrency: 4 threads (target='dev')
[0m04:45:19  
[0m04:45:19  1 of 2 START sql view model raw_crypto.stg_crypto_prices ....................... [RUN]
[0m04:45:20  1 of 2 OK created sql view model raw_crypto.stg_crypto_prices .................. [[32mCREATE VIEW[0m in 0.38s]
[0m04:45:20  2 of 2 START sql table model raw_crypto.fct_crypto_metrics ..................... [RUN]
[0m04:45:20  2 of 2 OK created sql table model raw_crypto.fct_crypto_metrics ................ [[32mSELECT 32[0m in 0.16s]
[0m04:45:20  
[0m04:45:20  Finished running 1 table model, 1 view model in 0 hours 0 minutes and 0.90 seconds (0.90s).
[0m04:45:20  
[0m04:45:20  [32mCompleted successfully[0m
[0m04:45:20  
[0m04:45:20  Done. PASS=2 WARN=0 ERROR=0 SKIP=0 NO-OP=0 REUSED=0 TOTAL=2
[Tue 06 Oct 2026 15:50:01 AEDT] Starting pipeline run
[Tue 06 Oct 2026 15:50:01 AEDT] Starting data ingestion
[2026-10-06T04:50:03.202372+00:00] Fetching ticker data...
Ingested successful: Pipeline crypto_realtime load step finished in 0.19 seconds
1 load package(s) were loaded to destination postgres and into dataset raw_crypto
The postgres destination used postgresql://dbt_user:***@localhost:5432/dbt_practice location to store data
Load package 1791262208.8048677 is LOADED and contains no failed jobs
[Tue 06 Oct 2026 15:50:20 AEDT] Starting data transformation
[0m04:50:23  Running with dbt=1.12.5
[0m04:50:24  Registered adapter: postgres=1.11.0
[0m04:50:25  Found 2 models, 1 source, 477 macros
[0m04:50:25  
[0m04:50:25  Concurrency: 4 threads (target='dev')
[0m04:50:25  
[0m04:50:25  1 of 2 START sql view model raw_crypto.stg_crypto_prices ....................... [RUN]
[0m04:50:26  1 of 2 OK created sql view model raw_crypto.stg_crypto_prices .................. [[32mCREATE VIEW[0m in 0.30s]
[0m04:50:26  2 of 2 START sql table model raw_crypto.fct_crypto_metrics ..................... [RUN]
[0m04:50:26  2 of 2 OK created sql table model raw_crypto.fct_crypto_metrics ................ [[32mSELECT 34[0m in 0.17s]
[0m04:50:26  
[0m04:50:26  Finished running 1 table model, 1 view model in 0 hours 0 minutes and 0.82 seconds (0.82s).
[0m04:50:26  
[0m04:50:26  [32mCompleted successfully[0m
[0m04:50:26  
[0m04:50:26  Done. PASS=2 WARN=0 ERROR=0 SKIP=0 NO-OP=0 REUSED=0 TOTAL=2
[Tue 06 Oct 2026 15:55:01 AEDT] Starting pipeline run
[Tue 06 Oct 2026 15:55:01 AEDT] Starting data ingestion
[2026-10-06T04:55:02.536662+00:00] Fetching ticker data...
Ingested successful: Pipeline crypto_realtime load step finished in 0.08 seconds
1 load package(s) were loaded to destination postgres and into dataset raw_crypto
The postgres destination used postgresql://dbt_user:***@localhost:5432/dbt_practice location to store data
Load package 1791262508.5861156 is LOADED and contains no failed jobs
[Tue 06 Oct 2026 15:55:14 AEDT] Starting data transformation
[0m04:55:16  Running with dbt=1.12.5
[0m04:55:17  Registered adapter: postgres=1.11.0
[0m04:55:18  Found 2 models, 1 source, 477 macros
[0m04:55:18  
[0m04:55:18  Concurrency: 4 threads (target='dev')
[0m04:55:18  
[0m04:55:18  1 of 2 START sql view model raw_crypto.stg_crypto_prices ....................... [RUN]
[0m04:55:18  1 of 2 OK created sql view model raw_crypto.stg_crypto_prices .................. [[32mCREATE VIEW[0m in 0.19s]
[0m04:55:18  2 of 2 START sql table model raw_crypto.fct_crypto_metrics ..................... [RUN]
[0m04:55:18  2 of 2 OK created sql table model raw_crypto.fct_crypto_metrics ................ [[32mSELECT 36[0m in 0.09s]
[0m04:55:18  
[0m04:55:18  Finished running 1 table model, 1 view model in 0 hours 0 minutes and 0.59 seconds (0.59s).
[0m04:55:18  
[0m04:55:18  [32mCompleted successfully[0m
[0m04:55:18  
[0m04:55:18  Done. PASS=2 WARN=0 ERROR=0 SKIP=0 NO-OP=0 REUSED=0 TOTAL=2
[Tue 06 Oct 2026 16:00:01 AEDT] Starting pipeline run
[Tue 06 Oct 2026 16:00:01 AEDT] Starting data ingestion
[2026-10-06T05:00:02.348344+00:00] Fetching ticker data...
Ingested successful: Pipeline crypto_realtime load step finished in 0.07 seconds
1 load package(s) were loaded to destination postgres and into dataset raw_crypto
The postgres destination used postgresql://dbt_user:***@localhost:5432/dbt_practice location to store data
Load package 1791262807.9825604 is LOADED and contains no failed jobs
[Tue 06 Oct 2026 16:00:18 AEDT] Starting data transformation
[0m05:00:21  Running with dbt=1.12.5
[0m05:00:22  Registered adapter: postgres=1.11.0
[0m05:00:22  Found 2 models, 1 source, 477 macros
[0m05:00:22  
[0m05:00:22  Concurrency: 4 threads (target='dev')
[0m05:00:22  
[0m05:00:23  1 of 2 START sql view model raw_crypto.stg_crypto_prices ....................... [RUN]
[0m05:00:23  1 of 2 OK created sql view model raw_crypto.stg_crypto_prices .................. [[32mCREATE VIEW[0m in 0.21s]
[0m05:00:23  2 of 2 START sql table model raw_crypto.fct_crypto_metrics ..................... [RUN]
[0m05:00:23  2 of 2 OK created sql table model raw_crypto.fct_crypto_metrics ................ [[32mSELECT 38[0m in 0.10s]
[0m05:00:23  
[0m05:00:23  Finished running 1 table model, 1 view model in 0 hours 0 minutes and 0.61 seconds (0.61s).
[0m05:00:23  
[0m05:00:23  [32mCompleted successfully[0m
[0m05:00:23  
[0m05:00:23  Done. PASS=2 WARN=0 ERROR=0 SKIP=0 NO-OP=0 REUSED=0 TOTAL=2
[Tue 06 Oct 2026 16:05:01 AEDT] Starting pipeline run
[Tue 06 Oct 2026 16:05:01 AEDT] Starting data ingestion
[2026-10-06T05:05:03.105828+00:00] Fetching ticker data...
Ingested successful: Pipeline crypto_realtime load step finished in 0.09 seconds
1 load package(s) were loaded to destination postgres and into dataset raw_crypto
The postgres destination used postgresql://dbt_user:***@localhost:5432/dbt_practice location to store data
Load package 1791263108.754349 is LOADED and contains no failed jobs
[Tue 06 Oct 2026 16:05:10 AEDT] Starting data transformation
[0m05:05:14  Running with dbt=1.12.5
[0m05:05:15  Registered adapter: postgres=1.11.0
[0m05:05:16  Found 2 models, 1 source, 477 macros
[0m05:05:16  
[0m05:05:16  Concurrency: 4 threads (target='dev')
[0m05:05:16  
[0m05:05:16  1 of 2 START sql view model raw_crypto.stg_crypto_prices ....................... [RUN]
[0m05:05:16  1 of 2 OK created sql view model raw_crypto.stg_crypto_prices .................. [[32mCREATE VIEW[0m in 0.22s]
[0m05:05:16  2 of 2 START sql table model raw_crypto.fct_crypto_metrics ..................... [RUN]
[0m05:05:16  2 of 2 OK created sql table model raw_crypto.fct_crypto_metrics ................ [[32mSELECT 40[0m in 0.15s]
[0m05:05:16  
[0m05:05:16  Finished running 1 table model, 1 view model in 0 hours 0 minutes and 0.78 seconds (0.78s).
[0m05:05:17  
[0m05:05:17  [32mCompleted successfully[0m
[0m05:05:17  
[0m05:05:17  Done. PASS=2 WARN=0 ERROR=0 SKIP=0 NO-OP=0 REUSED=0 TOTAL=2
[Tue 06 Oct 2026 16:10:01 AEDT] Starting pipeline run
[Tue 06 Oct 2026 16:10:01 AEDT] Starting data ingestion
[2026-10-06T05:10:02.715875+00:00] Fetching ticker data...
Ingested successful: Pipeline crypto_realtime load step finished in 0.07 seconds
1 load package(s) were loaded to destination postgres and into dataset raw_crypto
The postgres destination used postgresql://dbt_user:***@localhost:5432/dbt_practice location to store data
Load package 1791263409.6661723 is LOADED and contains no failed jobs
[Tue 06 Oct 2026 16:10:15 AEDT] Starting data transformation
[0m05:10:17  Running with dbt=1.12.5
[0m05:10:18  Registered adapter: postgres=1.11.0
[0m05:10:18  Found 2 models, 1 source, 477 macros
[0m05:10:18  
[0m05:10:18  Concurrency: 4 threads (target='dev')
[0m05:10:18  
[0m05:10:18  1 of 2 START sql view model raw_crypto.stg_crypto_prices ....................... [RUN]
[0m05:10:18  1 of 2 OK created sql view model raw_crypto.stg_crypto_prices .................. [[32mCREATE VIEW[0m in 0.16s]
[0m05:10:18  2 of 2 START sql table model raw_crypto.fct_crypto_metrics ..................... [RUN]
[0m05:10:18  2 of 2 OK created sql table model raw_crypto.fct_crypto_metrics ................ [[32mSELECT 42[0m in 0.10s]
[0m05:10:18  
[0m05:10:18  Finished running 1 table model, 1 view model in 0 hours 0 minutes and 0.47 seconds (0.47s).
[0m05:10:19  
[0m05:10:19  [32mCompleted successfully[0m
[0m05:10:19  
[0m05:10:19  Done. PASS=2 WARN=0 ERROR=0 SKIP=0 NO-OP=0 REUSED=0 TOTAL=2
[Tue 06 Oct 2026 16:15:01 AEDT] Starting pipeline run
[Tue 06 Oct 2026 16:15:01 AEDT] Starting data ingestion
[2026-10-06T05:15:02.417767+00:00] Fetching ticker data...
Ingested successful: Pipeline crypto_realtime load step finished in 0.07 seconds
1 load package(s) were loaded to destination postgres and into dataset raw_crypto
The postgres destination used postgresql://dbt_user:***@localhost:5432/dbt_practice location to store data
Load package 1791263712.9831371 is LOADED and contains no failed jobs
[Tue 06 Oct 2026 16:15:18 AEDT] Starting data transformation
[0m05:15:20  Running with dbt=1.12.5
[0m05:15:21  Registered adapter: postgres=1.11.0
[0m05:15:21  Found 2 models, 1 source, 477 macros
[0m05:15:21  
[0m05:15:21  Concurrency: 4 threads (target='dev')
[0m05:15:21  
[0m05:15:22  1 of 2 START sql view model raw_crypto.stg_crypto_prices ....................... [RUN]
[0m05:15:22  1 of 2 OK created sql view model raw_crypto.stg_crypto_prices .................. [[32mCREATE VIEW[0m in 0.14s]
[0m05:15:22  2 of 2 START sql table model raw_crypto.fct_crypto_metrics ..................... [RUN]
[0m05:15:22  2 of 2 OK created sql table model raw_crypto.fct_crypto_metrics ................ [[32mSELECT 44[0m in 0.12s]
[0m05:15:22  
[0m05:15:22  Finished running 1 table model, 1 view model in 0 hours 0 minutes and 0.47 seconds (0.47s).
[0m05:15:22  
[0m05:15:22  [32mCompleted successfully[0m
[0m05:15:22  
[0m05:15:22  Done. PASS=2 WARN=0 ERROR=0 SKIP=0 NO-OP=0 REUSED=0 TOTAL=2
[Tue 06 Oct 2026 16:20:01 AEDT] Starting pipeline run
[Tue 06 Oct 2026 16:20:01 AEDT] Starting data ingestion
[2026-10-06T05:20:02.572102+00:00] Fetching ticker data...
Ingested successful: Pipeline crypto_realtime load step finished in 0.09 seconds
1 load package(s) were loaded to destination postgres and into dataset raw_crypto
The postgres destination used postgresql://dbt_user:***@localhost:5432/dbt_practice location to store data
Load package 1791264013.219618 is LOADED and contains no failed jobs
[Tue 06 Oct 2026 16:20:18 AEDT] Starting data transformation
[0m05:20:20  Running with dbt=1.12.5
[0m05:20:21  Registered adapter: postgres=1.11.0
[0m05:20:21  Found 2 models, 1 source, 477 macros
[0m05:20:21  
[0m05:20:21  Concurrency: 4 threads (target='dev')
[0m05:20:21  
[0m05:20:22  1 of 2 START sql view model raw_crypto.stg_crypto_prices ....................... [RUN]
[0m05:20:22  1 of 2 OK created sql view model raw_crypto.stg_crypto_prices .................. [[32mCREATE VIEW[0m in 0.14s]
[0m05:20:22  2 of 2 START sql table model raw_crypto.fct_crypto_metrics ..................... [RUN]
[0m05:20:22  2 of 2 OK created sql table model raw_crypto.fct_crypto_metrics ................ [[32mSELECT 46[0m in 0.13s]
[0m05:20:22  
[0m05:20:22  Finished running 1 table model, 1 view model in 0 hours 0 minutes and 0.46 seconds (0.46s).
[0m05:20:22  
[0m05:20:22  [32mCompleted successfully[0m
[0m05:20:22  
[0m05:20:22  Done. PASS=2 WARN=0 ERROR=0 SKIP=0 NO-OP=0 REUSED=0 TOTAL=2
[Tue 06 Oct 2026 20:15:01 AEDT] Starting pipeline run
[Tue 06 Oct 2026 20:15:01 AEDT] Starting data ingestion
[2026-10-06T09:15:02.889987+00:00] Fetching ticker data...
Ingested successful: Pipeline crypto_realtime load step finished in 0.07 seconds
1 load package(s) were loaded to destination postgres and into dataset raw_crypto
The postgres destination used postgresql://dbt_user:***@localhost:5432/dbt_practice location to store data
Load package 1791278108.546162 is LOADED and contains no failed jobs
[Tue 06 Oct 2026 20:15:14 AEDT] Starting data transformation
[0m09:15:16  Running with dbt=1.12.5
[0m09:15:17  Registered adapter: postgres=1.11.0
[0m09:15:17  Found 2 models, 1 source, 477 macros
[0m09:15:17  
[0m09:15:17  Concurrency: 4 threads (target='dev')
[0m09:15:17  
[0m09:15:17  1 of 2 START sql view model raw_crypto.stg_crypto_prices ....................... [RUN]
[0m09:15:17  1 of 2 OK created sql view model raw_crypto.stg_crypto_prices .................. [[32mCREATE VIEW[0m in 0.15s]
[0m09:15:17  2 of 2 START sql table model raw_crypto.fct_crypto_metrics ..................... [RUN]
[0m09:15:17  2 of 2 OK created sql table model raw_crypto.fct_crypto_metrics ................ [[32mSELECT 48[0m in 0.09s]
[0m09:15:18  
[0m09:15:18  Finished running 1 table model, 1 view model in 0 hours 0 minutes and 0.47 seconds (0.47s).
[0m09:15:18  
[0m09:15:18  [32mCompleted successfully[0m
[0m09:15:18  
[0m09:15:18  Done. PASS=2 WARN=0 ERROR=0 SKIP=0 NO-OP=0 REUSED=0 TOTAL=2
[Tue 06 Oct 2026 20:20:01 AEDT] Starting pipeline run
[Tue 06 Oct 2026 20:20:01 AEDT] Starting data ingestion
[2026-10-06T09:20:02.574274+00:00] Fetching ticker data...
Ingested successful: Pipeline crypto_realtime load step finished in 0.07 seconds
1 load package(s) were loaded to destination postgres and into dataset raw_crypto
The postgres destination used postgresql://dbt_user:***@localhost:5432/dbt_practice location to store data
Load package 1791278408.285268 is LOADED and contains no failed jobs
[Tue 06 Oct 2026 20:20:13 AEDT] Starting data transformation
[0m09:20:16  Running with dbt=1.12.5
[0m09:20:16  Registered adapter: postgres=1.11.0
[0m09:20:17  Found 2 models, 1 source, 477 macros
[0m09:20:17  
[0m09:20:17  Concurrency: 4 threads (target='dev')
[0m09:20:17  
[0m09:20:17  1 of 2 START sql view model raw_crypto.stg_crypto_prices ....................... [RUN]
[0m09:20:17  1 of 2 OK created sql view model raw_crypto.stg_crypto_prices .................. [[32mCREATE VIEW[0m in 0.15s]
[0m09:20:17  2 of 2 START sql table model raw_crypto.fct_crypto_metrics ..................... [RUN]
[0m09:20:17  2 of 2 OK created sql table model raw_crypto.fct_crypto_metrics ................ [[32mSELECT 50[0m in 0.09s]
[0m09:20:17  
[0m09:20:17  Finished running 1 table model, 1 view model in 0 hours 0 minutes and 0.46 seconds (0.46s).
[0m09:20:17  
[0m09:20:17  [32mCompleted successfully[0m
[0m09:20:17  
[0m09:20:17  Done. PASS=2 WARN=0 ERROR=0 SKIP=0 NO-OP=0 REUSED=0 TOTAL=2
[Tue 06 Oct 2026 20:25:01 AEDT] Starting pipeline run
[Tue 06 Oct 2026 20:25:01 AEDT] Starting data ingestion
[2026-10-06T09:25:02.200229+00:00] Fetching ticker data...
Ingested successful: Pipeline crypto_realtime load step finished in 0.09 seconds
1 load package(s) were loaded to destination postgres and into dataset raw_crypto
The postgres destination used postgresql://dbt_user:***@localhost:5432/dbt_practice location to store data
Load package 1791278707.7873387 is LOADED and contains no failed jobs
[Tue 06 Oct 2026 20:25:13 AEDT] Starting data transformation
[0m09:25:15  Running with dbt=1.12.5
[0m09:25:16  Registered adapter: postgres=1.11.0
[0m09:25:16  Found 2 models, 1 source, 477 macros
[0m09:25:16  
[0m09:25:16  Concurrency: 4 threads (target='dev')
[0m09:25:16  
[0m09:25:16  1 of 2 START sql view model raw_crypto.stg_crypto_prices ....................... [RUN]
[0m09:25:17  1 of 2 OK created sql view model raw_crypto.stg_crypto_prices .................. [[32mCREATE VIEW[0m in 0.18s]
[0m09:25:17  2 of 2 START sql table model raw_crypto.fct_crypto_metrics ..................... [RUN]
[0m09:25:17  2 of 2 OK created sql table model raw_crypto.fct_crypto_metrics ................ [[32mSELECT 52[0m in 0.09s]
[0m09:25:17  
[0m09:25:17  Finished running 1 table model, 1 view model in 0 hours 0 minutes and 0.50 seconds (0.50s).
[0m09:25:17  
[0m09:25:17  [32mCompleted successfully[0m
[0m09:25:17  
[0m09:25:17  Done. PASS=2 WARN=0 ERROR=0 SKIP=0 NO-OP=0 REUSED=0 TOTAL=2
[Tue 06 Oct 2026 20:30:01 AEDT] Starting pipeline run
[Tue 06 Oct 2026 20:30:01 AEDT] Starting data ingestion
[2026-10-06T09:30:02.710899+00:00] Fetching ticker data...
Ingested successful: Pipeline crypto_realtime load step finished in 0.08 seconds
1 load package(s) were loaded to destination postgres and into dataset raw_crypto
The postgres destination used postgresql://dbt_user:***@localhost:5432/dbt_practice location to store data
Load package 1791279008.2901456 is LOADED and contains no failed jobs
[Tue 06 Oct 2026 20:30:13 AEDT] Starting data transformation
[0m09:30:16  Running with dbt=1.12.5
[0m09:30:16  Registered adapter: postgres=1.11.0
[0m09:30:17  Found 2 models, 1 source, 477 macros
[0m09:30:17  
[0m09:30:17  Concurrency: 4 threads (target='dev')
[0m09:30:17  
[0m09:30:17  1 of 2 START sql view model raw_crypto.stg_crypto_prices ....................... [RUN]
[0m09:30:17  1 of 2 OK created sql view model raw_crypto.stg_crypto_prices .................. [[32mCREATE VIEW[0m in 0.14s]
[0m09:30:17  2 of 2 START sql table model raw_crypto.fct_crypto_metrics ..................... [RUN]
[0m09:30:17  2 of 2 OK created sql table model raw_crypto.fct_crypto_metrics ................ [[32mSELECT 54[0m in 0.10s]
[0m09:30:17  
[0m09:30:17  Finished running 1 table model, 1 view model in 0 hours 0 minutes and 0.48 seconds (0.48s).
[0m09:30:17  
[0m09:30:17  [32mCompleted successfully[0m
[0m09:30:17  
[0m09:30:17  Done. PASS=2 WARN=0 ERROR=0 SKIP=0 NO-OP=0 REUSED=0 TOTAL=2
[Tue 06 Oct 2026 20:35:01 AEDT] Starting pipeline run
[Tue 06 Oct 2026 20:35:01 AEDT] Starting data ingestion
[2026-10-06T09:35:02.535710+00:00] Fetching ticker data...
Ingested successful: Pipeline crypto_realtime load step finished in 0.07 seconds
1 load package(s) were loaded to destination postgres and into dataset raw_crypto
The postgres destination used postgresql://dbt_user:***@localhost:5432/dbt_practice location to store data
Load package 1791279308.1862314 is LOADED and contains no failed jobs
[Tue 06 Oct 2026 20:35:13 AEDT] Starting data transformation
[0m09:35:16  Running with dbt=1.12.5
[0m09:35:16  Registered adapter: postgres=1.11.0
[0m09:35:17  Found 2 models, 1 source, 477 macros
[0m09:35:17  
[0m09:35:17  Concurrency: 4 threads (target='dev')
[0m09:35:17  
[0m09:35:17  1 of 2 START sql view model raw_crypto.stg_crypto_prices ....................... [RUN]
[0m09:35:17  1 of 2 OK created sql view model raw_crypto.stg_crypto_prices .................. [[32mCREATE VIEW[0m in 0.16s]
[0m09:35:17  2 of 2 START sql table model raw_crypto.fct_crypto_metrics ..................... [RUN]
[0m09:35:17  2 of 2 OK created sql table model raw_crypto.fct_crypto_metrics ................ [[32mSELECT 56[0m in 0.09s]
[0m09:35:17  
[0m09:35:17  Finished running 1 table model, 1 view model in 0 hours 0 minutes and 0.44 seconds (0.44s).
[0m09:35:17  
[0m09:35:17  [32mCompleted successfully[0m
[0m09:35:17  
[0m09:35:17  Done. PASS=2 WARN=0 ERROR=0 SKIP=0 NO-OP=0 REUSED=0 TOTAL=2
[Tue 06 Oct 2026 20:40:01 AEDT] Starting pipeline run
[Tue 06 Oct 2026 20:40:01 AEDT] Starting data ingestion
[2026-10-06T09:40:02.385851+00:00] Fetching ticker data...
Ingested successful: Pipeline crypto_realtime load step finished in 0.07 seconds
1 load package(s) were loaded to destination postgres and into dataset raw_crypto
The postgres destination used postgresql://dbt_user:***@localhost:5432/dbt_practice location to store data
Load package 1791279608.3066368 is LOADED and contains no failed jobs
[Tue 06 Oct 2026 20:40:13 AEDT] Starting data transformation
[0m09:40:16  Running with dbt=1.12.5
[0m09:40:16  Registered adapter: postgres=1.11.0
[0m09:40:17  Found 2 models, 1 source, 477 macros
[0m09:40:17  
[0m09:40:17  Concurrency: 4 threads (target='dev')
[0m09:40:17  
[0m09:40:17  1 of 2 START sql view model raw_crypto.stg_crypto_prices ....................... [RUN]
[0m09:40:17  1 of 2 OK created sql view model raw_crypto.stg_crypto_prices .................. [[32mCREATE VIEW[0m in 0.14s]
[0m09:40:17  2 of 2 START sql table model raw_crypto.fct_crypto_metrics ..................... [RUN]
[0m09:40:17  2 of 2 OK created sql table model raw_crypto.fct_crypto_metrics ................ [[32mSELECT 58[0m in 0.09s]
[0m09:40:17  
[0m09:40:17  Finished running 1 table model, 1 view model in 0 hours 0 minutes and 0.44 seconds (0.44s).
[0m09:40:17  
[0m09:40:17  [32mCompleted successfully[0m
[0m09:40:17  
[0m09:40:17  Done. PASS=2 WARN=0 ERROR=0 SKIP=0 NO-OP=0 REUSED=0 TOTAL=2
[Tue 06 Oct 2026 20:45:01 AEDT] Starting pipeline run
[Tue 06 Oct 2026 20:45:01 AEDT] Starting data ingestion
[2026-10-06T09:45:02.152665+00:00] Fetching ticker data...
Ingested successful: Pipeline crypto_realtime load step finished in 0.07 seconds
1 load package(s) were loaded to destination postgres and into dataset raw_crypto
The postgres destination used postgresql://dbt_user:***@localhost:5432/dbt_practice location to store data
Load package 1791279907.740345 is LOADED and contains no failed jobs
[Tue 06 Oct 2026 20:45:13 AEDT] Starting data transformation
[0m09:45:15  Running with dbt=1.12.5
[0m09:45:16  Registered adapter: postgres=1.11.0
[0m09:45:16  Found 2 models, 1 source, 477 macros
[0m09:45:16  
[0m09:45:16  Concurrency: 4 threads (target='dev')
[0m09:45:16  
[0m09:45:16  1 of 2 START sql view model raw_crypto.stg_crypto_prices ....................... [RUN]
[0m09:45:16  1 of 2 OK created sql view model raw_crypto.stg_crypto_prices .................. [[32mCREATE VIEW[0m in 0.15s]
[0m09:45:16  2 of 2 START sql table model raw_crypto.fct_crypto_metrics ..................... [RUN]
[0m09:45:16  2 of 2 OK created sql table model raw_crypto.fct_crypto_metrics ................ [[32mSELECT 60[0m in 0.10s]
[0m09:45:17  
[0m09:45:17  Finished running 1 table model, 1 view model in 0 hours 0 minutes and 0.49 seconds (0.49s).
[0m09:45:17  
[0m09:45:17  [32mCompleted successfully[0m
[0m09:45:17  
[0m09:45:17  Done. PASS=2 WARN=0 ERROR=0 SKIP=0 NO-OP=0 REUSED=0 TOTAL=2
[Tue 06 Oct 2026 20:55:01 AEDT] Starting pipeline run
[Tue 06 Oct 2026 20:55:01 AEDT] Starting data ingestion
[2026-10-06T09:55:02.364581+00:00] Fetching ticker data...
Ingested successful: Pipeline crypto_realtime load step finished in 0.07 seconds
1 load package(s) were loaded to destination postgres and into dataset raw_crypto
The postgres destination used postgresql://dbt_user:***@localhost:5432/dbt_practice location to store data
Load package 1791280508.34378 is LOADED and contains no failed jobs
[Tue 06 Oct 2026 20:55:13 AEDT] Starting data transformation
[0m09:55:16  Running with dbt=1.12.5
[0m09:55:16  Registered adapter: postgres=1.11.0
[0m09:55:17  Found 2 models, 1 source, 477 macros
[0m09:55:17  
[0m09:55:17  Concurrency: 4 threads (target='dev')
[0m09:55:17  
[0m09:55:17  1 of 2 START sql view model raw_crypto.stg_crypto_prices ....................... [RUN]
[0m09:55:17  1 of 2 OK created sql view model raw_crypto.stg_crypto_prices .................. [[32mCREATE VIEW[0m in 0.14s]
[0m09:55:17  2 of 2 START sql table model raw_crypto.fct_crypto_metrics ..................... [RUN]
[0m09:55:17  2 of 2 OK created sql table model raw_crypto.fct_crypto_metrics ................ [[32mSELECT 62[0m in 0.09s]
[0m09:55:17  
[0m09:55:17  Finished running 1 table model, 1 view model in 0 hours 0 minutes and 0.40 seconds (0.40s).
[0m09:55:17  
[0m09:55:17  [32mCompleted successfully[0m
[0m09:55:17  
[0m09:55:17  Done. PASS=2 WARN=0 ERROR=0 SKIP=0 NO-OP=0 REUSED=0 TOTAL=2
[Tue 06 Oct 2026 21:00:02 AEDT] Starting pipeline run
[Tue 06 Oct 2026 21:00:02 AEDT] Starting data ingestion
[2026-10-06T10:00:02.817783+00:00] Fetching ticker data...
Ingested successful: Pipeline crypto_realtime load step finished in 0.07 seconds
1 load package(s) were loaded to destination postgres and into dataset raw_crypto
The postgres destination used postgresql://dbt_user:***@localhost:5432/dbt_practice location to store data
Load package 1791280808.427237 is LOADED and contains no failed jobs
[Tue 06 Oct 2026 21:00:15 AEDT] Starting data transformation
[0m10:00:17  Running with dbt=1.12.5
[0m10:00:17  Registered adapter: postgres=1.11.0
[0m10:00:18  Found 2 models, 1 source, 477 macros
[0m10:00:18  
[0m10:00:18  Concurrency: 4 threads (target='dev')
[0m10:00:18  
[0m10:00:18  1 of 2 START sql view model raw_crypto.stg_crypto_prices ....................... [RUN]
[0m10:00:18  1 of 2 OK created sql view model raw_crypto.stg_crypto_prices .................. [[32mCREATE VIEW[0m in 0.14s]
[0m10:00:18  2 of 2 START sql table model raw_crypto.fct_crypto_metrics ..................... [RUN]
[0m10:00:18  2 of 2 OK created sql table model raw_crypto.fct_crypto_metrics ................ [[32mSELECT 64[0m in 0.08s]
[0m10:00:18  
[0m10:00:18  Finished running 1 table model, 1 view model in 0 hours 0 minutes and 0.41 seconds (0.41s).
[0m10:00:18  
[0m10:00:18  [32mCompleted successfully[0m
[0m10:00:18  
[0m10:00:18  Done. PASS=2 WARN=0 ERROR=0 SKIP=0 NO-OP=0 REUSED=0 TOTAL=2
[Tue 06 Oct 2026 21:05:01 AEDT] Starting pipeline run
[Tue 06 Oct 2026 21:05:01 AEDT] Starting data ingestion
[2026-10-06T10:05:02.564411+00:00] Fetching ticker data...
Ingested successful: Pipeline crypto_realtime load step finished in 0.07 seconds
1 load package(s) were loaded to destination postgres and into dataset raw_crypto
The postgres destination used postgresql://dbt_user:***@localhost:5432/dbt_practice location to store data
Load package 1791281103.22406 is LOADED and contains no failed jobs
[Tue 06 Oct 2026 21:05:08 AEDT] Starting data transformation
[0m10:05:10  Running with dbt=1.12.5
[0m10:05:11  Registered adapter: postgres=1.11.0
[0m10:05:11  Found 2 models, 1 source, 477 macros
[0m10:05:11  
[0m10:05:11  Concurrency: 4 threads (target='dev')
[0m10:05:11  
[0m10:05:12  1 of 2 START sql view model raw_crypto.stg_crypto_prices ....................... [RUN]
[0m10:05:12  1 of 2 OK created sql view model raw_crypto.stg_crypto_prices .................. [[32mCREATE VIEW[0m in 0.15s]
[0m10:05:12  2 of 2 START sql table model raw_crypto.fct_crypto_metrics ..................... [RUN]
[0m10:05:12  2 of 2 OK created sql table model raw_crypto.fct_crypto_metrics ................ [[32mSELECT 66[0m in 0.08s]
[0m10:05:12  
[0m10:05:12  Finished running 1 table model, 1 view model in 0 hours 0 minutes and 0.41 seconds (0.41s).
[0m10:05:12  
[0m10:05:12  [32mCompleted successfully[0m
[0m10:05:12  
[0m10:05:12  Done. PASS=2 WARN=0 ERROR=0 SKIP=0 NO-OP=0 REUSED=0 TOTAL=2
[Wed 07 Oct 2026 10:00:01 AEDT] Starting pipeline run
[Wed 07 Oct 2026 10:00:01 AEDT] Starting data ingestion
[2026-10-06T23:00:02.429978+00:00] Fetching ticker data...
Ingested successful: Pipeline crypto_realtime load step finished in 0.08 seconds
1 load package(s) were loaded to destination postgres and into dataset raw_crypto
The postgres destination used postgresql://dbt_user:***@localhost:5432/dbt_practice location to store data
Load package 1791327608.114689 is LOADED and contains no failed jobs
[Wed 07 Oct 2026 10:00:13 AEDT] Starting data transformation
[0m23:00:16  Running with dbt=1.12.5
[0m23:00:16  Registered adapter: postgres=1.11.0
[0m23:00:17  Found 2 models, 1 source, 477 macros
[0m23:00:17  
[0m23:00:17  Concurrency: 4 threads (target='dev')
[0m23:00:17  
[0m23:00:17  1 of 2 START sql view model raw_crypto.stg_crypto_prices ....................... [RUN]
[0m23:00:17  1 of 2 OK created sql view model raw_crypto.stg_crypto_prices .................. [[32mCREATE VIEW[0m in 0.17s]
[0m23:00:17  2 of 2 START sql table model raw_crypto.fct_crypto_metrics ..................... [RUN]
[0m23:00:18  2 of 2 OK created sql table model raw_crypto.fct_crypto_metrics ................ [[32mSELECT 68[0m in 0.12s]
[0m23:00:18  
[0m23:00:18  Finished running 1 table model, 1 view model in 0 hours 0 minutes and 0.57 seconds (0.57s).
[0m23:00:18  
[0m23:00:18  [32mCompleted successfully[0m
[0m23:00:18  
[0m23:00:18  Done. PASS=2 WARN=0 ERROR=0 SKIP=0 NO-OP=0 REUSED=0 TOTAL=2
[Wed 07 Oct 2026 10:05:01 AEDT] Starting pipeline run
[Wed 07 Oct 2026 10:05:01 AEDT] Starting data ingestion
[2026-10-06T23:05:02.135985+00:00] Fetching ticker data...
Ingested successful: Pipeline crypto_realtime load step finished in 0.08 seconds
1 load package(s) were loaded to destination postgres and into dataset raw_crypto
The postgres destination used postgresql://dbt_user:***@localhost:5432/dbt_practice location to store data
Load package 1791327907.7434828 is LOADED and contains no failed jobs
[Wed 07 Oct 2026 10:05:13 AEDT] Starting data transformation
[0m23:05:16  Running with dbt=1.12.5
[0m23:05:16  Registered adapter: postgres=1.11.0
[0m23:05:17  Found 2 models, 1 source, 477 macros
[0m23:05:17  
[0m23:05:17  Concurrency: 4 threads (target='dev')
[0m23:05:17  
[0m23:05:17  1 of 2 START sql view model raw_crypto.stg_crypto_prices ....................... [RUN]
[0m23:05:17  1 of 2 OK created sql view model raw_crypto.stg_crypto_prices .................. [[32mCREATE VIEW[0m in 0.21s]
[0m23:05:17  2 of 2 START sql table model raw_crypto.fct_crypto_metrics ..................... [RUN]
[0m23:05:18  2 of 2 OK created sql table model raw_crypto.fct_crypto_metrics ................ [[32mSELECT 70[0m in 0.13s]
[0m23:05:18  
[0m23:05:18  Finished running 1 table model, 1 view model in 0 hours 0 minutes and 0.60 seconds (0.60s).
[0m23:05:18  
[0m23:05:18  [32mCompleted successfully[0m
[0m23:05:18  
[0m23:05:18  Done. PASS=2 WARN=0 ERROR=0 SKIP=0 NO-OP=0 REUSED=0 TOTAL=2
[Wed 07 Oct 2026 10:10:01 AEDT] Starting pipeline run
[Wed 07 Oct 2026 10:10:01 AEDT] Starting data ingestion
[2026-10-06T23:10:03.343262+00:00] Fetching ticker data...
Ingested successful: Pipeline crypto_realtime load step finished in 0.10 seconds
1 load package(s) were loaded to destination postgres and into dataset raw_crypto
The postgres destination used postgresql://dbt_user:***@localhost:5432/dbt_practice location to store data
Load package 1791328208.9064164 is LOADED and contains no failed jobs
[Wed 07 Oct 2026 10:10:14 AEDT] Starting data transformation
[0m23:10:17  Running with dbt=1.12.5
[0m23:10:18  Registered adapter: postgres=1.11.0
[0m23:10:19  Found 2 models, 1 source, 477 macros
[0m23:10:19  
[0m23:10:19  Concurrency: 4 threads (target='dev')
[0m23:10:19  
[0m23:10:19  1 of 2 START sql view model raw_crypto.stg_crypto_prices ....................... [RUN]
[0m23:10:19  1 of 2 OK created sql view model raw_crypto.stg_crypto_prices .................. [[32mCREATE VIEW[0m in 0.19s]
[0m23:10:19  2 of 2 START sql table model raw_crypto.fct_crypto_metrics ..................... [RUN]
[0m23:10:19  2 of 2 OK created sql table model raw_crypto.fct_crypto_metrics ................ [[32mSELECT 72[0m in 0.10s]
[0m23:10:19  
[0m23:10:19  Finished running 1 table model, 1 view model in 0 hours 0 minutes and 0.67 seconds (0.67s).
[0m23:10:19  
[0m23:10:19  [32mCompleted successfully[0m
[0m23:10:19  
[0m23:10:19  Done. PASS=2 WARN=0 ERROR=0 SKIP=0 NO-OP=0 REUSED=0 TOTAL=2
[Wed 07 Oct 2026 10:15:01 AEDT] Starting pipeline run
[Wed 07 Oct 2026 10:15:01 AEDT] Starting data ingestion
[2026-10-06T23:15:02.601198+00:00] Fetching ticker data...
Ingested successful: Pipeline crypto_realtime load step finished in 0.09 seconds
1 load package(s) were loaded to destination postgres and into dataset raw_crypto
The postgres destination used postgresql://dbt_user:***@localhost:5432/dbt_practice location to store data
Load package 1791328508.1569772 is LOADED and contains no failed jobs
[Wed 07 Oct 2026 10:15:13 AEDT] Starting data transformation
[0m23:15:16  Running with dbt=1.12.5
[0m23:15:17  Registered adapter: postgres=1.11.0
[0m23:15:17  Found 2 models, 1 source, 477 macros
[0m23:15:17  
[0m23:15:17  Concurrency: 4 threads (target='dev')
[0m23:15:17  
[0m23:15:17  1 of 2 START sql view model raw_crypto.stg_crypto_prices ....................... [RUN]
[0m23:15:18  1 of 2 OK created sql view model raw_crypto.stg_crypto_prices .................. [[32mCREATE VIEW[0m in 0.23s]
[0m23:15:18  2 of 2 START sql table model raw_crypto.fct_crypto_metrics ..................... [RUN]
[0m23:15:18  2 of 2 OK created sql table model raw_crypto.fct_crypto_metrics ................ [[32mSELECT 74[0m in 0.10s]
[0m23:15:18  
[0m23:15:18  Finished running 1 table model, 1 view model in 0 hours 0 minutes and 0.57 seconds (0.57s).
[0m23:15:18  
[0m23:15:18  [32mCompleted successfully[0m
[0m23:15:18  
[0m23:15:18  Done. PASS=2 WARN=0 ERROR=0 SKIP=0 NO-OP=0 REUSED=0 TOTAL=2
[Wed 07 Oct 2026 10:20:01 AEDT] Starting pipeline run
[Wed 07 Oct 2026 10:20:01 AEDT] Starting data ingestion
[2026-10-06T23:20:02.100075+00:00] Fetching ticker data...
Ingested successful: Pipeline crypto_realtime load step finished in 0.08 seconds
1 load package(s) were loaded to destination postgres and into dataset raw_crypto
The postgres destination used postgresql://dbt_user:***@localhost:5432/dbt_practice location to store data
Load package 1791328807.8364367 is LOADED and contains no failed jobs
[Wed 07 Oct 2026 10:20:13 AEDT] Starting data transformation
[0m23:20:16  Running with dbt=1.12.5
[0m23:20:16  Registered adapter: postgres=1.11.0
[0m23:20:17  Found 2 models, 1 source, 477 macros
[0m23:20:17  
[0m23:20:17  Concurrency: 4 threads (target='dev')
[0m23:20:17  
[0m23:20:17  1 of 2 START sql view model raw_crypto.stg_crypto_prices ....................... [RUN]
[0m23:20:17  1 of 2 OK created sql view model raw_crypto.stg_crypto_prices .................. [[32mCREATE VIEW[0m in 0.21s]
[0m23:20:17  2 of 2 START sql incremental model raw_crypto.fct_crypto_metrics ............... [RUN]
[0m23:20:18  2 of 2 ERROR creating sql incremental model raw_crypto.fct_crypto_metrics ...... [[31mERROR[0m in 0.30s]
[0m23:20:18  
[0m23:20:18  Finished running 1 incremental model, 1 view model in 0 hours 0 minutes and 0.75 seconds (0.75s).
[0m23:20:18  
[0m23:20:18  [31mCompleted with 1 error, 0 partial successes, and 0 warnings:[0m
[0m23:20:18  
[0m23:20:18  [[31mERROR[0m]: in model fct_crypto_metrics (models/marts/fct_crypto_metrics.sql)
[0m23:20:18    Database Error in model fct_crypto_metrics (models/marts/fct_crypto_metrics.sql)
  column "surrogate_key" does not exist
  LINE 8:             select distinct surrogate_key
                                      ^
  compiled code at target/run/crypto_transform/models/marts/fct_crypto_metrics.sql
[0m23:20:18  
[0m23:20:18    compiled code at target/compiled/crypto_transform/models/marts/fct_crypto_metrics.sql
[0m23:20:18  
[0m23:20:18  Done. PASS=1 WARN=0 ERROR=1 SKIP=0 NO-OP=0 REUSED=0 TOTAL=2
[Wed 07 Oct 2026 10:25:01 AEDT] Starting pipeline run
[Wed 07 Oct 2026 10:25:01 AEDT] Starting data ingestion
[2026-10-06T23:25:03.034521+00:00] Fetching ticker data...
Ingested successful: Pipeline crypto_realtime load step finished in 0.08 seconds
1 load package(s) were loaded to destination postgres and into dataset raw_crypto
The postgres destination used postgresql://dbt_user:***@localhost:5432/dbt_practice location to store data
Load package 1791329108.7080233 is LOADED and contains no failed jobs
[Wed 07 Oct 2026 10:25:14 AEDT] Starting data transformation
[0m23:25:17  Running with dbt=1.12.5
[0m23:25:18  Registered adapter: postgres=1.11.0
[0m23:25:18  Found 2 models, 1 source, 478 macros
[0m23:25:18  
[0m23:25:18  Concurrency: 4 threads (target='dev')
[0m23:25:18  
[0m23:25:19  1 of 2 START sql view model raw_crypto.stg_crypto_prices ....................... [RUN]
[0m23:25:19  1 of 2 OK created sql view model raw_crypto.stg_crypto_prices .................. [[32mCREATE VIEW[0m in 0.21s]
[0m23:25:19  2 of 2 START sql incremental model raw_crypto.fct_crypto_metrics ............... [RUN]
[0m23:25:19  2 of 2 ERROR creating sql incremental model raw_crypto.fct_crypto_metrics ...... [[31mERROR[0m in 0.35s]
[0m23:25:19  
[0m23:25:19  Finished running 1 incremental model, 1 view model in 0 hours 0 minutes and 0.86 seconds (0.86s).
[0m23:25:19  
[0m23:25:19  [31mCompleted with 1 error, 0 partial successes, and 0 warnings:[0m
[0m23:25:19  
[0m23:25:19  [[31mERROR[0m]: in model fct_crypto_metrics (models/marts/fct_crypto_metrics.sql)
[0m23:25:19    Database Error in model fct_crypto_metrics (models/marts/fct_crypto_metrics.sql)
  column "surrogate_key" does not exist
  LINE 8:             select distinct surrogate_key
                                      ^
  compiled code at target/run/crypto_transform/models/marts/fct_crypto_metrics.sql
[0m23:25:19  
[0m23:25:19    compiled code at target/compiled/crypto_transform/models/marts/fct_crypto_metrics.sql
[0m23:25:19  
[0m23:25:19  Done. PASS=1 WARN=0 ERROR=1 SKIP=0 NO-OP=0 REUSED=0 TOTAL=2
[Wed 07 Oct 2026 10:30:01 AEDT] Starting pipeline run
[Wed 07 Oct 2026 10:30:01 AEDT] Starting data ingestion
[2026-10-06T23:30:03.624388+00:00] Fetching ticker data...
Ingested successful: Pipeline crypto_realtime load step finished in 0.13 seconds
1 load package(s) were loaded to destination postgres and into dataset raw_crypto
The postgres destination used postgresql://dbt_user:***@localhost:5432/dbt_practice location to store data
Load package 1791329409.2628534 is LOADED and contains no failed jobs
[Wed 07 Oct 2026 10:30:14 AEDT] Starting data transformation
[0m23:30:18  Running with dbt=1.12.5
[0m23:30:18  Registered adapter: postgres=1.11.0
[0m23:30:19  Found 2 models, 1 source, 478 macros
[0m23:30:19  
[0m23:30:19  Concurrency: 4 threads (target='dev')
[0m23:30:19  
[0m23:30:20  1 of 2 START sql view model raw_crypto.stg_crypto_prices ....................... [RUN]
[0m23:30:20  1 of 2 ERROR creating sql view model raw_crypto.stg_crypto_prices .............. [[31mERROR[0m in 0.19s]
[0m23:30:20  2 of 2 SKIP relation raw_crypto.fct_crypto_metrics ............................. [[33mSKIP[0m]
[0m23:30:20  
[0m23:30:20  Finished running 1 incremental model, 1 view model in 0 hours 0 minutes and 0.71 seconds (0.71s).
[0m23:30:20  
[0m23:30:20  [31mCompleted with 1 error, 0 partial successes, and 0 warnings:[0m
[0m23:30:20  
[0m23:30:20  [[31mERROR[0m]: in model stg_crypto_prices (models/staging/stg_crypto_prices.sql)
[0m23:30:20    Database Error in model stg_crypto_prices (models/staging/stg_crypto_prices.sql)
  column "market_cap" does not exist
  LINE 27:     market_cap as market_cap_usd,
               ^
  compiled code at target/run/crypto_transform/models/staging/stg_crypto_prices.sql
[0m23:30:20  
[0m23:30:20    compiled code at target/compiled/crypto_transform/models/staging/stg_crypto_prices.sql
[0m23:30:20  
[0m23:30:20  Done. PASS=0 WARN=0 ERROR=1 SKIP=1 NO-OP=0 REUSED=0 TOTAL=2
[Wed 07 Oct 2026 10:35:01 AEDT] Starting pipeline run
[Wed 07 Oct 2026 10:35:01 AEDT] Starting data ingestion
[2026-10-06T23:35:02.389569+00:00] Fetching ticker data...
Ingested successful: Pipeline crypto_realtime load step finished in 0.08 seconds
1 load package(s) were loaded to destination postgres and into dataset raw_crypto
The postgres destination used postgresql://dbt_user:***@localhost:5432/dbt_practice location to store data
Load package 1791329708.0008924 is LOADED and contains no failed jobs
[Wed 07 Oct 2026 10:35:13 AEDT] Starting data transformation
[0m23:35:16  Running with dbt=1.12.5
[0m23:35:16  Registered adapter: postgres=1.11.0
[0m23:35:17  Found 2 models, 1 source, 478 macros
[0m23:35:17  
[0m23:35:17  Concurrency: 4 threads (target='dev')
[0m23:35:17  
[0m23:35:17  1 of 2 START sql view model raw_crypto.stg_crypto_prices ....................... [RUN]
[0m23:35:17  1 of 2 ERROR creating sql view model raw_crypto.stg_crypto_prices .............. [[31mERROR[0m in 0.09s]
[0m23:35:17  2 of 2 SKIP relation raw_crypto.fct_crypto_metrics ............................. [[33mSKIP[0m]
[0m23:35:17  
[0m23:35:17  Finished running 1 incremental model, 1 view model in 0 hours 0 minutes and 0.39 seconds (0.39s).
[0m23:35:18  
[0m23:35:18  [31mCompleted with 1 error, 0 partial successes, and 0 warnings:[0m
[0m23:35:18  
[0m23:35:18  [[31mERROR[0m]: in model stg_crypto_prices (models/staging/stg_crypto_prices.sql)
[0m23:35:18    Database Error in model stg_crypto_prices (models/staging/stg_crypto_prices.sql)
  column "market_cap" does not exist
  LINE 27:     market_cap as market_cap_usd,
               ^
  compiled code at target/run/crypto_transform/models/staging/stg_crypto_prices.sql
[0m23:35:18  
[0m23:35:18    compiled code at target/compiled/crypto_transform/models/staging/stg_crypto_prices.sql
[0m23:35:18  
[0m23:35:18  Done. PASS=0 WARN=0 ERROR=1 SKIP=1 NO-OP=0 REUSED=0 TOTAL=2
[Wed 07 Oct 2026 10:40:01 AEDT] Starting pipeline run
[Wed 07 Oct 2026 10:40:01 AEDT] Starting data ingestion
[2026-10-06T23:40:02.808092+00:00] Fetching ticker data...
Ingested successful: Pipeline crypto_realtime load step finished in 0.17 seconds
1 load package(s) were loaded to destination postgres and into dataset raw_crypto
The postgres destination used postgresql://dbt_user:***@localhost:5432/dbt_practice location to store data
Load package 1791330008.7730308 is LOADED and contains no failed jobs
[Wed 07 Oct 2026 10:40:14 AEDT] Starting data transformation
[0m23:40:17  Running with dbt=1.12.5
[0m23:40:18  Registered adapter: postgres=1.11.0
[0m23:40:19  Found 2 models, 1 source, 479 macros
[0m23:40:19  
[0m23:40:19  Concurrency: 4 threads (target='dev')
[0m23:40:19  
[0m23:40:19  1 of 2 START sql view model raw_crypto.stg_crypto_prices ....................... [RUN]
[0m23:40:19  1 of 2 ERROR creating sql view model raw_crypto.stg_crypto_prices .............. [[31mERROR[0m in 0.12s]
[0m23:40:19  2 of 2 SKIP relation raw_crypto.fct_crypto_metrics ............................. [[33mSKIP[0m]
[0m23:40:19  
[0m23:40:19  Finished running 1 incremental model, 1 view model in 0 hours 0 minutes and 0.37 seconds (0.37s).
[0m23:40:19  
[0m23:40:19  [31mCompleted with 1 error, 0 partial successes, and 0 warnings:[0m
[0m23:40:19  
[0m23:40:19  [[31mERROR[0m]: in model stg_crypto_prices (models/staging/stg_crypto_prices.sql)
[0m23:40:19    Database Error in model stg_crypto_prices (models/staging/stg_crypto_prices.sql)
  column "market_cap" does not exist
  LINE 27:     market_cap as market_cap_usd,
               ^
  compiled code at target/run/crypto_transform/models/staging/stg_crypto_prices.sql
[0m23:40:19  
[0m23:40:19    compiled code at target/compiled/crypto_transform/models/staging/stg_crypto_prices.sql
[0m23:40:19  
[0m23:40:19  Done. PASS=0 WARN=0 ERROR=1 SKIP=1 NO-OP=0 REUSED=0 TOTAL=2
[Wed 07 Oct 2026 10:45:01 AEDT] Starting pipeline run
[Wed 07 Oct 2026 10:45:01 AEDT] Starting data ingestion
[2026-10-06T23:45:02.417481+00:00] Fetching ticker data...
Ingested successful: Pipeline crypto_realtime load step finished in 0.08 seconds
1 load package(s) were loaded to destination postgres and into dataset raw_crypto
The postgres destination used postgresql://dbt_user:***@localhost:5432/dbt_practice location to store data
Load package 1791330308.0666738 is LOADED and contains no failed jobs
[Wed 07 Oct 2026 10:45:14 AEDT] Starting data transformation
[0m23:45:18  Running with dbt=1.12.5
[0m23:45:18  Registered adapter: postgres=1.11.0
[0m23:45:20  Found 2 models, 1 source, 479 macros
[0m23:45:20  
[0m23:45:20  Concurrency: 4 threads (target='dev')
[0m23:45:20  
[0m23:45:20  1 of 2 START sql view model raw_crypto.stg_crypto_prices ....................... [RUN]
[0m23:45:20  1 of 2 ERROR creating sql view model raw_crypto.stg_crypto_prices .............. [[31mERROR[0m in 0.09s]
[0m23:45:20  2 of 2 SKIP relation raw_crypto.fct_crypto_metrics ............................. [[33mSKIP[0m]
[0m23:45:20  
[0m23:45:20  Finished running 1 incremental model, 1 view model in 0 hours 0 minutes and 0.38 seconds (0.38s).
[0m23:45:20  
[0m23:45:20  [31mCompleted with 1 error, 0 partial successes, and 0 warnings:[0m
[0m23:45:20  
[0m23:45:20  [[31mERROR[0m]: in model stg_crypto_prices (models/staging/stg_crypto_prices.sql)
[0m23:45:20    Database Error in model stg_crypto_prices (models/staging/stg_crypto_prices.sql)
  column "market_cap" does not exist
  LINE 33:         when market_cap <= 0 then null
                        ^
  compiled code at target/run/crypto_transform/models/staging/stg_crypto_prices.sql
[0m23:45:20  
[0m23:45:20    compiled code at target/compiled/crypto_transform/models/staging/stg_crypto_prices.sql
[0m23:45:20  
[0m23:45:20  Done. PASS=0 WARN=0 ERROR=1 SKIP=1 NO-OP=0 REUSED=0 TOTAL=2
[Wed 07 Oct 2026 10:50:01 AEDT] Starting pipeline run
[Wed 07 Oct 2026 10:50:01 AEDT] Starting data ingestion
[2026-10-06T23:50:02.701832+00:00] Fetching ticker data...
{'XETHZUSD': {'a': ['2699.46000', '2', '2.000'], 'b': ['2699.45000', '7', '7.000'], 'c': ['2699.46000', '0.00796381'], 'v': ['24784.43704447', '24900.68979343'], 'p': ['2703.72380', '2703.75643'], 't': [36866, 37025], 'l': ['2683.07000', '2683.07000'], 'h': ['2724.02000', '2724.02000'], 'o': '2709.72000'}, 'SOLUSD': {'a': ['120.89000', '95', '95.000'], 'b': ['120.88000', '10', '10.000'], 'c': ['120.89000', '0.26171650'], 'v': ['330396.82378150', '332585.16921261'], 'p': ['120.44696', '120.44862'], 't': [33210, 33388], 'l': ['118.89000', '118.89000'], 'h': ['121.97000', '121.97000'], 'o': '120.77000'}, 'XXBTZUSD': {'a': ['85591.10000', '1', '1.000'], 'b': ['85591.00000', '1', '1.000'], 'c': ['85591.10000', '0.00060496'], 'v': ['2143.23506459', '2148.24448590'], 'p': ['85860.08541', '85859.86175'], 't': [102694, 103305], 'l': ['85110.10000', '85110.10000'], 'h': ['86683.40000', '86683.40000'], 'o': '85751.50000'}}
Ingested successful: Pipeline crypto_realtime load step finished in 0.08 seconds
1 load package(s) were loaded to destination postgres and into dataset raw_crypto
The postgres destination used postgresql://dbt_user:***@localhost:5432/dbt_practice location to store data
Load package 1791330608.409009 is LOADED and contains no failed jobs
[Wed 07 Oct 2026 10:50:13 AEDT] Starting data transformation
[0m23:50:17  Running with dbt=1.12.5
[0m23:50:17  Registered adapter: postgres=1.11.0
[0m23:50:18  Found 2 models, 1 source, 479 macros
[0m23:50:19  
[0m23:50:19  Concurrency: 4 threads (target='dev')
[0m23:50:19  
[0m23:50:19  1 of 2 START sql view model raw_crypto.stg_crypto_prices ....................... [RUN]
[0m23:50:19  1 of 2 OK created sql view model raw_crypto.stg_crypto_prices .................. [[32mCREATE VIEW[0m in 0.27s]
[0m23:50:19  2 of 2 START sql incremental model raw_crypto.fct_crypto_metrics ............... [RUN]
[0m23:50:19  2 of 2 ERROR creating sql incremental model raw_crypto.fct_crypto_metrics ...... [[31mERROR[0m in 0.35s]
[0m23:50:19  
[0m23:50:19  Finished running 1 incremental model, 1 view model in 0 hours 0 minutes and 0.90 seconds (0.90s).
[0m23:50:19  
[0m23:50:19  [31mCompleted with 1 error, 0 partial successes, and 0 warnings:[0m
[0m23:50:19  
[0m23:50:19  [[31mERROR[0m]: in model fct_crypto_metrics (models/marts/fct_crypto_metrics.sql)
[0m23:50:19    Database Error in model fct_crypto_metrics (models/marts/fct_crypto_metrics.sql)
  column "surrogate_key" does not exist
  LINE 8:             select distinct surrogate_key
                                      ^
  compiled code at target/run/crypto_transform/models/marts/fct_crypto_metrics.sql
[0m23:50:19  
[0m23:50:19    compiled code at target/compiled/crypto_transform/models/marts/fct_crypto_metrics.sql
[0m23:50:19  
[0m23:50:19  Done. PASS=1 WARN=0 ERROR=1 SKIP=0 NO-OP=0 REUSED=0 TOTAL=2
[Wed 07 Oct 2026 10:55:01 AEDT] Starting pipeline run
[Wed 07 Oct 2026 10:55:01 AEDT] Starting data ingestion
[2026-10-06T23:55:02.758503+00:00] Fetching ticker data...
{'XETHZUSD': {'a': ['2698.46000', '4', '4.000'], 'b': ['2698.45000', '1', '1.000'], 'c': ['2698.63000', '0.13256604'], 'v': ['24813.24248688', '24842.22881809'], 'p': ['2703.71880', '2703.72682'], 't': [36945, 37023], 'l': ['2683.07000', '2683.07000'], 'h': ['2724.02000', '2724.02000'], 'o': '2709.72000'}, 'SOLUSD': {'a': ['120.85000', '118', '118.000'], 'b': ['120.84000', '6', '6.000'], 'c': ['120.84000', '0.01496000'], 'v': ['330604.93498392', '332231.03512982'], 'p': ['120.44725', '120.44861'], 't': [33303, 33386], 'l': ['118.89000', '118.89000'], 'h': ['121.97000', '121.97000'], 'o': '120.77000'}, 'XXBTZUSD': {'a': ['85568.90000', '1', '1.000'], 'b': ['85568.80000', '2', '2.000'], 'c': ['85568.90000', '0.00209165'], 'v': ['2144.91329550', '2146.14699026'], 'p': ['85859.87566', '85859.83524'], 't': [102890, 103203], 'l': ['85110.10000', '85110.10000'], 'h': ['86683.40000', '86683.40000'], 'o': '85751.50000'}}
Ingested successful: Pipeline crypto_realtime load step finished in 0.08 seconds
1 load package(s) were loaded to destination postgres and into dataset raw_crypto
The postgres destination used postgresql://dbt_user:***@localhost:5432/dbt_practice location to store data
Load package 1791330908.467994 is LOADED and contains no failed jobs
[Wed 07 Oct 2026 10:55:14 AEDT] Starting data transformation
[0m23:55:17  Running with dbt=1.12.5
[0m23:55:17  Registered adapter: postgres=1.11.0
[0m23:55:18  Unable to do partial parsing because profile has changed
[0m23:55:20  Found 2 models, 1 source, 479 macros
[0m23:55:20  
[0m23:55:20  Concurrency: 1 threads (target='dev')
[0m23:55:20  
[0m23:55:20  1 of 2 START sql view model raw_crypto_dev.stg_crypto_prices ................... [RUN]
[0m23:55:21  1 of 2 OK created sql view model raw_crypto_dev.stg_crypto_prices .............. [[32mCREATE VIEW[0m in 0.28s]
[0m23:55:21  2 of 2 START sql incremental model raw_crypto_dev.fct_crypto_metrics ........... [RUN]
[0m23:55:21  2 of 2 OK created sql incremental model raw_crypto_dev.fct_crypto_metrics ...... [[32mSELECT 90[0m in 0.11s]
[0m23:55:21  
[0m23:55:21  Finished running 1 incremental model, 1 view model in 0 hours 0 minutes and 0.69 seconds (0.69s).
[0m23:55:21  
[0m23:55:21  [32mCompleted successfully[0m
[0m23:55:21  
[0m23:55:21  Done. PASS=2 WARN=0 ERROR=0 SKIP=0 NO-OP=0 REUSED=0 TOTAL=2
[Wed 07 Oct 2026 11:00:01 AEDT] Starting pipeline run
[Wed 07 Oct 2026 11:00:01 AEDT] Starting data ingestion
[2026-10-07T00:00:02.308322+00:00] Fetching ticker data...
{'XETHZUSD': {'a': ['2697.01000', '2', '2.000'], 'b': ['2697.00000', '3', '3.000'], 'c': ['2697.01000', '0.00363509'], 'v': ['0.19636624', '24820.35630914'], 'p': ['2697.03072', '2703.71682'], 't': [7, 37001], 'l': ['2697.00000', '2683.07000'], 'h': ['2697.15000', '2724.02000'], 'o': '2697.15000'}, 'SOLUSD': {'a': ['120.69000', '90', '90.000'], 'b': ['120.68000', '41', '41.000'], 'c': ['120.69000', '1.04735513'], 'v': ['1.23286631', '330706.88734441'], 'p': ['120.69000', '120.44735'], 't': [2, 33375], 'l': ['120.69000', '118.89000'], 'h': ['120.69000', '121.97000'], 'o': '120.69000'}, 'XXBTZUSD': {'a': ['85536.10000', '2', '2.000'], 'b': ['85536.00000', '1', '1.000'], 'c': ['85538.80000', '0.00010000'], 'v': ['0.03408762', '2145.39945106'], 'p': ['85539.05298', '85859.80556'], 't': [29, 103042], 'l': ['85538.80000', '85110.10000'], 'h': ['85542.00000', '86683.40000'], 'o': '85542.00000'}}
Ingested successful: Pipeline crypto_realtime load step finished in 0.07 seconds
1 load package(s) were loaded to destination postgres and into dataset raw_crypto
The postgres destination used postgresql://dbt_user:***@localhost:5432/dbt_practice location to store data
Load package 1791331207.945354 is LOADED and contains no failed jobs
[Wed 07 Oct 2026 11:00:13 AEDT] Starting data transformation
[0m00:00:16  Running with dbt=1.12.5
[0m00:00:17  Registered adapter: postgres=1.11.0
[0m00:00:17  Unable to do partial parsing because config vars, config profile, or config target have changed
[0m00:00:17  Unable to do partial parsing because profile has changed
[0m00:00:19  Found 2 models, 1 source, 479 macros
[0m00:00:19  
[0m00:00:19  Concurrency: 4 threads (target='prod')
[0m00:00:19  
[0m00:00:20  1 of 2 START sql view model raw_crypto.stg_crypto_prices ....................... [RUN]
[0m00:00:20  1 of 2 OK created sql view model raw_crypto.stg_crypto_prices .................. [[32mCREATE VIEW[0m in 0.19s]
[0m00:00:20  2 of 2 START sql incremental model raw_crypto.fct_crypto_metrics ............... [RUN]
[0m00:00:20  2 of 2 ERROR creating sql incremental model raw_crypto.fct_crypto_metrics ...... [[31mERROR[0m in 0.32s]
[0m00:00:20  
[0m00:00:20  Finished running 1 incremental model, 1 view model in 0 hours 0 minutes and 0.80 seconds (0.80s).
[0m00:00:20  
[0m00:00:20  [31mCompleted with 1 error, 0 partial successes, and 0 warnings:[0m
[0m00:00:20  
[0m00:00:20  [[31mERROR[0m]: in model fct_crypto_metrics (models/marts/fct_crypto_metrics.sql)
[0m00:00:20    Database Error in model fct_crypto_metrics (models/marts/fct_crypto_metrics.sql)
  column "surrogate_key" does not exist
  LINE 8:             select distinct surrogate_key
                                      ^
  compiled code at target/run/crypto_transform/models/marts/fct_crypto_metrics.sql
[0m00:00:20  
[0m00:00:20    compiled code at target/compiled/crypto_transform/models/marts/fct_crypto_metrics.sql
[0m00:00:20  
[0m00:00:20  Done. PASS=1 WARN=0 ERROR=1 SKIP=0 NO-OP=0 REUSED=0 TOTAL=2
[Wed 07 Oct 2026 11:05:01 AEDT] Starting pipeline run
[Wed 07 Oct 2026 11:05:01 AEDT] Starting data ingestion
[2026-10-07T00:05:02.481066+00:00] Fetching ticker data...
{'XETHZUSD': {'a': ['2695.20000', '6', '6.000'], 'b': ['2695.19000', '3', '3.000'], 'c': ['2695.20000', '0.00206326'], 'v': ['8.99505909', '24812.46143218'], 'p': ['2696.28943', '2703.70933'], 't': [76, 36951], 'l': ['2695.19000', '2683.07000'], 'h': ['2697.15000', '2724.02000'], 'o': '2697.15000'}, 'SOLUSD': {'a': ['120.49000', '21', '21.000'], 'b': ['120.48000', '114', '114.000'], 'c': ['120.49000', '0.11477723'], 'v': ['105.49123144', '329824.41961088'], 'p': ['120.58073', '120.44602'], 't': [65, 33282], 'l': ['120.49000', '118.89000'], 'h': ['120.69000', '121.97000'], 'o': '120.69000'}, 'XXBTZUSD': {'a': ['85489.70000', '1', '1.000'], 'b': ['85489.60000', '1', '1.000'], 'c': ['85489.80000', '0.00010000'], 'v': ['3.06023694', '2139.44673694'], 'p': ['85525.19112', '85859.56748'], 't': [316, 102955], 'l': ['85489.80000', '85110.10000'], 'h': ['85542.00000', '86683.40000'], 'o': '85542.00000'}}
Ingested successful: Pipeline crypto_realtime load step finished in 0.08 seconds
1 load package(s) were loaded to destination postgres and into dataset raw_crypto
The postgres destination used postgresql://dbt_user:***@localhost:5432/dbt_practice location to store data
Load package 1791331508.1445692 is LOADED and contains no failed jobs
[Wed 07 Oct 2026 11:05:13 AEDT] Starting data transformation
[0m00:05:16  Running with dbt=1.12.5
[0m00:05:17  Registered adapter: postgres=1.11.0
[0m00:05:17  Found 2 models, 1 source, 479 macros
[0m00:05:17  
[0m00:05:17  Concurrency: 4 threads (target='prod')
[0m00:05:17  
[0m00:05:18  1 of 2 START sql view model raw_crypto.stg_crypto_prices ....................... [RUN]
[0m00:05:18  1 of 2 OK created sql view model raw_crypto.stg_crypto_prices .................. [[32mCREATE VIEW[0m in 0.19s]
[0m00:05:18  2 of 2 START sql incremental model raw_crypto.fct_crypto_metrics ............... [RUN]
[0m00:05:18  2 of 2 ERROR creating sql incremental model raw_crypto.fct_crypto_metrics ...... [[31mERROR[0m in 0.32s]
[0m00:05:18  
[0m00:05:18  Finished running 1 incremental model, 1 view model in 0 hours 0 minutes and 0.81 seconds (0.81s).
[0m00:05:18  
[0m00:05:18  [31mCompleted with 1 error, 0 partial successes, and 0 warnings:[0m
[0m00:05:18  
[0m00:05:18  [[31mERROR[0m]: in model fct_crypto_metrics (models/marts/fct_crypto_metrics.sql)
[0m00:05:18    Database Error in model fct_crypto_metrics (models/marts/fct_crypto_metrics.sql)
  column "surrogate_key" does not exist
  LINE 8:             select distinct surrogate_key
                                      ^
  compiled code at target/run/crypto_transform/models/marts/fct_crypto_metrics.sql
[0m00:05:18  
[0m00:05:18    compiled code at target/compiled/crypto_transform/models/marts/fct_crypto_metrics.sql
[0m00:05:18  
[0m00:05:18  Done. PASS=1 WARN=0 ERROR=1 SKIP=0 NO-OP=0 REUSED=0 TOTAL=2
[Wed 07 Oct 2026 11:10:01 AEDT] Starting pipeline run
[Wed 07 Oct 2026 11:10:01 AEDT] Starting data ingestion
[2026-10-07T00:10:02.544433+00:00] Fetching ticker data...
{'XETHZUSD': {'a': ['2697.37000', '1', '1.000'], 'b': ['2697.36000', '9', '9.000'], 'c': ['2697.37000', '0.00722340'], 'v': ['22.56555952', '24820.24216272'], 'p': ['2695.81844', '2703.70263'], 't': [157, 36960], 'l': ['2694.36000', '2683.07000'], 'h': ['2697.37000', '2724.02000'], 'o': '2697.15000'}, 'SOLUSD': {'a': ['120.57000', '127', '127.000'], 'b': ['120.55000', '117', '117.000'], 'c': ['120.57000', '1.17047583'], 'v': ['1675.81039962', '331313.59641151'], 'p': ['120.45886', '120.44594'], 't': [136, 33286], 'l': ['120.41000', '118.89000'], 'h': ['120.69000', '121.97000'], 'o': '120.69000'}, 'XXBTZUSD': {'a': ['85535.90000', '2', '2.000'], 'b': ['85535.80000', '1', '1.000'], 'c': ['85535.90000', '0.00256635'], 'v': ['15.81546507', '2151.13809764'], 'p': ['85502.18161', '85857.43484'], 't': [682, 103071], 'l': ['85459.00000', '85110.10000'], 'h': ['85542.00000', '86683.40000'], 'o': '85542.00000'}}
Ingested successful: Pipeline crypto_realtime load step finished in 0.07 seconds
1 load package(s) were loaded to destination postgres and into dataset raw_crypto
The postgres destination used postgresql://dbt_user:***@localhost:5432/dbt_practice location to store data
Load package 1791331808.1523252 is LOADED and contains no failed jobs
[Wed 07 Oct 2026 11:10:13 AEDT] Starting data transformation
[0m00:10:17  Running with dbt=1.12.5
[0m00:10:17  Registered adapter: postgres=1.11.0
[0m00:10:18  Found 2 models, 1 source, 479 macros
[0m00:10:18  
[0m00:10:18  Concurrency: 4 threads (target='prod')
[0m00:10:18  
[0m00:10:18  1 of 2 START sql view model raw_crypto.stg_crypto_prices ....................... [RUN]
[0m00:10:18  1 of 2 OK created sql view model raw_crypto.stg_crypto_prices .................. [[32mCREATE VIEW[0m in 0.20s]
[0m00:10:18  2 of 2 START sql incremental model raw_crypto.fct_crypto_metrics ............... [RUN]
[0m00:10:19  2 of 2 ERROR creating sql incremental model raw_crypto.fct_crypto_metrics ...... [[31mERROR[0m in 0.38s]
[0m00:10:19  
[0m00:10:19  Finished running 1 incremental model, 1 view model in 0 hours 0 minutes and 0.79 seconds (0.79s).
[0m00:10:19  
[0m00:10:19  [31mCompleted with 1 error, 0 partial successes, and 0 warnings:[0m
[0m00:10:19  
[0m00:10:19  [[31mERROR[0m]: in model fct_crypto_metrics (models/marts/fct_crypto_metrics.sql)
[0m00:10:19    Database Error in model fct_crypto_metrics (models/marts/fct_crypto_metrics.sql)
  column "surrogate_key" does not exist
  LINE 8:             select distinct surrogate_key
                                      ^
  compiled code at target/run/crypto_transform/models/marts/fct_crypto_metrics.sql
[0m00:10:19  
[0m00:10:19    compiled code at target/compiled/crypto_transform/models/marts/fct_crypto_metrics.sql
[0m00:10:19  
[0m00:10:19  Done. PASS=1 WARN=0 ERROR=1 SKIP=0 NO-OP=0 REUSED=0 TOTAL=2
[Wed 07 Oct 2026 11:15:01 AEDT] Starting pipeline run
[Wed 07 Oct 2026 11:15:01 AEDT] Starting data ingestion
[2026-10-07T00:15:02.236221+00:00] Fetching ticker data...
{'XETHZUSD': {'a': ['2698.50000', '3', '3.000'], 'b': ['2698.49000', '1', '1.000'], 'c': ['2698.36000', '0.09697649'], 'v': ['36.38995529', '24815.39420224'], 'p': ['2696.60850', '2703.69127'], 't': [236, 36918], 'l': ['2694.36000', '2683.07000'], 'h': ['2698.66000', '2724.02000'], 'o': '2697.15000'}, 'SOLUSD': {'a': ['120.58000', '108', '108.000'], 'b': ['120.56000', '122', '122.000'], 'c': ['120.57000', '5.23120000'], 'v': ['1939.43285520', '331181.62406339'], 'p': ['120.47342', '120.44547'], 't': [217, 33273], 'l': ['120.41000', '118.89000'], 'h': ['120.69000', '121.97000'], 'o': '120.69000'}, 'XXBTZUSD': {'a': ['85564.40000', '1', '1.000'], 'b': ['85564.30000', '1', '1.000'], 'c': ['85564.40000', '0.00096823'], 'v': ['23.90385544', '2158.36193160'], 'p': ['85521.78494', '85856.32217'], 't': [949, 103093], 'l': ['85459.00000', '85110.10000'], 'h': ['85588.90000', '86683.40000'], 'o': '85542.00000'}}
Ingested successful: Pipeline crypto_realtime load step finished in 0.12 seconds
1 load package(s) were loaded to destination postgres and into dataset raw_crypto
The postgres destination used postgresql://dbt_user:***@localhost:5432/dbt_practice location to store data
Load package 1791332107.922462 is LOADED and contains no failed jobs
[Wed 07 Oct 2026 11:15:13 AEDT] Starting data transformation
[0m00:15:16  Running with dbt=1.12.5
[0m00:15:17  Registered adapter: postgres=1.11.0
[0m00:15:18  Found 2 models, 1 source, 479 macros
[0m00:15:18  
[0m00:15:18  Concurrency: 4 threads (target='prod')
[0m00:15:18  
[0m00:15:18  1 of 2 START sql view model raw_crypto.stg_crypto_prices ....................... [RUN]
[0m00:15:18  1 of 2 OK created sql view model raw_crypto.stg_crypto_prices .................. [[32mCREATE VIEW[0m in 0.19s]
[0m00:15:18  2 of 2 START sql incremental model raw_crypto.fct_crypto_metrics ............... [RUN]
[0m00:15:19  2 of 2 OK created sql incremental model raw_crypto.fct_crypto_metrics .......... [[32mINSERT 0 24[0m in 0.32s]
[0m00:15:19  
[0m00:15:19  Finished running 1 incremental model, 1 view model in 0 hours 0 minutes and 0.82 seconds (0.82s).
[0m00:15:19  
[0m00:15:19  [32mCompleted successfully[0m
[0m00:15:19  
[0m00:15:19  Done. PASS=2 WARN=0 ERROR=0 SKIP=0 NO-OP=0 REUSED=0 TOTAL=2
[Wed 07 Oct 2026 11:15:26 AEDT] Pipeline completed successfully.
[Wed 07 Oct 2026 11:20:01 AEDT] Starting pipeline run
[Wed 07 Oct 2026 11:20:01 AEDT] Starting data ingestion
[2026-10-07T00:20:02.409732+00:00] Fetching ticker data...
{'XETHZUSD': {'a': ['2697.18000', '2', '2.000'], 'b': ['2697.17000', '9', '9.000'], 'c': ['2697.19000', '0.05941359'], 'v': ['46.41821163', '24807.97513229'], 'p': ['2696.97545', '2703.68197'], 't': [320, 36944], 'l': ['2694.36000', '2683.07000'], 'h': ['2699.33000', '2724.02000'], 'o': '2697.15000'}, 'SOLUSD': {'a': ['120.47000', '218', '218.000'], 'b': ['120.46000', '6', '6.000'], 'c': ['120.47000', '1.12469071'], 'v': ['3083.95908472', '331613.77600840'], 'p': ['120.49809', '120.44475'], 't': [389, 33367], 'l': ['120.41000', '118.89000'], 'h': ['120.69000', '121.97000'], 'o': '120.69000'}, 'XXBTZUSD': {'a': ['85529.60000', '1', '1.000'], 'b': ['85529.50000', '1', '1.000'], 'c': ['85529.50000', '0.00002619'], 'v': ['24.63118024', '2153.17348871'], 'p': ['85522.85079', '85856.23043'], 't': [1158, 102921], 'l': ['85459.00000', '85110.10000'], 'h': ['85588.90000', '86683.40000'], 'o': '85542.00000'}}
Ingested successful: Pipeline crypto_realtime load step finished in 0.07 seconds
1 load package(s) were loaded to destination postgres and into dataset raw_crypto
The postgres destination used postgresql://dbt_user:***@localhost:5432/dbt_practice location to store data
Load package 1791332407.9812071 is LOADED and contains no failed jobs
[Wed 07 Oct 2026 11:20:13 AEDT] Starting data transformation
[0m00:20:16  Running with dbt=1.12.5
[0m00:20:17  Registered adapter: postgres=1.11.0
[0m00:20:17  Unable to do partial parsing because config vars, config profile, or config target have changed
[0m00:20:17  Unable to do partial parsing because profile has changed
[0m00:20:20  Found 2 models, 9 data tests, 1 source, 479 macros
[0m00:20:20  
[0m00:20:20  Concurrency: 4 threads (target='prod')
[0m00:20:20  
[0m00:20:20  1 of 11 START sql view model raw_crypto.stg_crypto_prices ...................... [RUN]
[0m00:20:21  1 of 11 OK created sql view model raw_crypto.stg_crypto_prices ................. [[32mCREATE VIEW[0m in 0.22s]
[0m00:20:21  2 of 11 START sql incremental model raw_crypto.fct_crypto_metrics .............. [RUN]
[0m00:20:21  [[33mWARNING[0m]: Detected columns with numeric type and unspecified precision/scale, this can lead to unintended rounding: ['price_usd', 'rolling_6_period_avg_price', 'price_change_since_last_tick']`
[0m00:20:21  2 of 11 OK created sql incremental model raw_crypto.fct_crypto_metrics ......... [[32mINSERT 0 2[0m in 0.44s]
[0m00:20:21  3 of 11 START test not_null_fct_crypto_metrics_coin_id ......................... [RUN]
[0m00:20:21  6 of 11 START test not_null_fct_crypto_metrics_price_timestamp ................. [RUN]
[0m00:20:21  5 of 11 START test not_null_fct_crypto_metrics_price_change_since_last_tick .... [RUN]
[0m00:20:21  4 of 11 START test not_null_fct_crypto_metrics_coin_name ....................... [RUN]
[0m00:20:21  3 of 11 PASS not_null_fct_crypto_metrics_coin_id ............................... [[32mPASS[0m in 0.33s]
[0m00:20:21  4 of 11 PASS not_null_fct_crypto_metrics_coin_name ............................. [[32mPASS[0m in 0.34s]
[0m00:20:21  6 of 11 PASS not_null_fct_crypto_metrics_price_timestamp ....................... [[32mPASS[0m in 0.34s]
[0m00:20:21  7 of 11 START test not_null_fct_crypto_metrics_price_usd ....................... [RUN]
[0m00:20:21  5 of 11 FAIL 2 not_null_fct_crypto_metrics_price_change_since_last_tick ........ [[31mFAIL 2[0m in 0.35s]
[0m00:20:21  8 of 11 START test not_null_fct_crypto_metrics_rolling_6_period_avg_price ...... [RUN]
[0m00:20:21  9 of 11 START test not_null_fct_crypto_metrics_surrogate_key ................... [RUN]
[0m00:20:22  10 of 11 START test not_null_fct_crypto_metrics_symbol ......................... [RUN]
[0m00:20:22  7 of 11 PASS not_null_fct_crypto_metrics_price_usd ............................. [[32mPASS[0m in 0.17s]
[0m00:20:22  11 of 11 START test unique_fct_crypto_metrics_surrogate_key .................... [RUN]
[0m00:20:22  10 of 11 PASS not_null_fct_crypto_metrics_symbol ............................... [[32mPASS[0m in 0.17s]
[0m00:20:22  8 of 11 PASS not_null_fct_crypto_metrics_rolling_6_period_avg_price ............ [[32mPASS[0m in 0.22s]
[0m00:20:22  9 of 11 FAIL 74 not_null_fct_crypto_metrics_surrogate_key ...................... [[31mFAIL 74[0m in 0.22s]
[0m00:20:22  11 of 11 PASS unique_fct_crypto_metrics_surrogate_key .......................... [[32mPASS[0m in 0.13s]
[0m00:20:22  
[0m00:20:22  Finished running 1 incremental model, 9 data tests, 1 view model in 0 hours 0 minutes and 1.65 seconds (1.65s).
[0m00:20:22  
[0m00:20:22  [31mCompleted with 2 errors, 0 partial successes, and 0 warnings:[0m
[0m00:20:22  
[0m00:20:22  [[31mERROR[0m]: in test not_null_fct_crypto_metrics_price_change_since_last_tick (models/marts/schema.yml)
[0m00:20:22    Got 2 results, configured to fail if != 0
[0m00:20:22  
[0m00:20:22    compiled code at target/compiled/crypto_transform/models/marts/schema.yml/not_null_fct_crypto_metrics_price_change_since_last_tick.sql
[0m00:20:22  
[0m00:20:22  [[31mERROR[0m]: in test not_null_fct_crypto_metrics_surrogate_key (models/marts/schema.yml)
[0m00:20:22    Got 74 results, configured to fail if != 0
[0m00:20:22  
[0m00:20:22    compiled code at target/compiled/crypto_transform/models/marts/schema.yml/not_null_fct_crypto_metrics_surrogate_key.sql
[0m00:20:22  
[0m00:20:22  Done. PASS=9 WARN=0 ERROR=2 SKIP=0 NO-OP=0 REUSED=0 TOTAL=11
[Wed 07 Oct 2026 11:25:01 AEDT] Starting pipeline run
[Wed 07 Oct 2026 11:25:01 AEDT] Starting data ingestion
[2026-10-07T00:25:02.689732+00:00] Fetching ticker data...
{'XETHZUSD': {'a': ['2694.55000', '2', '2.000'], 'b': ['2694.54000', '1', '1.000'], 'c': ['2694.54000', '0.74223345'], 'v': ['60.63304026', '24813.30070657'], 'p': ['2696.76645', '2703.67347'], 't': [388, 36954], 'l': ['2694.36000', '2683.07000'], 'h': ['2699.33000', '2724.02000'], 'o': '2697.15000'}, 'SOLUSD': {'a': ['120.38000', '13', '13.000'], 'b': ['120.37000', '137', '137.000'], 'c': ['120.37000', '2.20999759'], 'v': ['3436.34677434', '331546.51234662'], 'p': ['120.48756', '120.44398'], 't': [480, 33368], 'l': ['120.36000', '118.89000'], 'h': ['120.69000', '121.97000'], 'o': '120.69000'}, 'XXBTZUSD': {'a': ['85453.60000', '1', '1.000'], 'b': ['85453.50000', '1', '1.000'], 'c': ['85453.50000', '0.00198020'], 'v': ['25.69575546', '2153.18551375'], 'p': ['85521.70184', '85856.01907'], 't': [1396, 102845], 'l': ['85451.60000', '85110.10000'], 'h': ['85588.90000', '86683.40000'], 'o': '85542.00000'}}
Ingested successful: Pipeline crypto_realtime load step finished in 0.08 seconds
1 load package(s) were loaded to destination postgres and into dataset raw_crypto
The postgres destination used postgresql://dbt_user:***@localhost:5432/dbt_practice location to store data
Load package 1791332703.3784373 is LOADED and contains no failed jobs
[Wed 07 Oct 2026 11:25:08 AEDT] Starting data transformation
[0m00:25:12  Running with dbt=1.12.5
[0m00:25:12  Registered adapter: postgres=1.11.0
[0m00:25:13  Found 2 models, 9 data tests, 1 source, 479 macros
[0m00:25:13  
[0m00:25:13  Concurrency: 4 threads (target='prod')
[0m00:25:13  
[0m00:25:13  1 of 11 START sql view model raw_crypto.stg_crypto_prices ...................... [RUN]
[0m00:25:14  1 of 11 OK created sql view model raw_crypto.stg_crypto_prices ................. [[32mCREATE VIEW[0m in 0.20s]
[0m00:25:14  2 of 11 START sql incremental model raw_crypto.fct_crypto_metrics .............. [RUN]
[0m00:25:14  [[33mWARNING[0m]: Detected columns with numeric type and unspecified precision/scale, this can lead to unintended rounding: ['price_usd', 'rolling_6_period_avg_price', 'price_change_since_last_tick']`
[0m00:25:14  2 of 11 OK created sql incremental model raw_crypto.fct_crypto_metrics ......... [[32mINSERT 0 2[0m in 0.50s]
[0m00:25:14  6 of 11 START test not_null_fct_crypto_metrics_price_timestamp ................. [RUN]
[0m00:25:14  4 of 11 START test not_null_fct_crypto_metrics_coin_name ....................... [RUN]
[0m00:25:14  3 of 11 START test not_null_fct_crypto_metrics_coin_id ......................... [RUN]
[0m00:25:14  5 of 11 START test not_null_fct_crypto_metrics_price_change_since_last_tick .... [RUN]
[0m00:25:14  6 of 11 PASS not_null_fct_crypto_metrics_price_timestamp ....................... [[32mPASS[0m in 0.25s]
[0m00:25:14  7 of 11 START test not_null_fct_crypto_metrics_price_usd ....................... [RUN]
[0m00:25:14  4 of 11 PASS not_null_fct_crypto_metrics_coin_name ............................. [[32mPASS[0m in 0.27s]
[0m00:25:14  5 of 11 FAIL 2 not_null_fct_crypto_metrics_price_change_since_last_tick ........ [[31mFAIL 2[0m in 0.20s]
[0m00:25:14  3 of 11 PASS not_null_fct_crypto_metrics_coin_id ............................... [[32mPASS[0m in 0.25s]
[0m00:25:14  8 of 11 START test not_null_fct_crypto_metrics_rolling_6_period_avg_price ...... [RUN]
[0m00:25:14  9 of 11 START test not_null_fct_crypto_metrics_surrogate_key ................... [RUN]
[0m00:25:15  10 of 11 START test not_null_fct_crypto_metrics_symbol ......................... [RUN]
[0m00:25:15  7 of 11 PASS not_null_fct_crypto_metrics_price_usd ............................. [[32mPASS[0m in 0.13s]
[0m00:25:15  11 of 11 START test unique_fct_crypto_metrics_surrogate_key .................... [RUN]
[0m00:25:15  9 of 11 FAIL 74 not_null_fct_crypto_metrics_surrogate_key ...................... [[31mFAIL 74[0m in 0.14s]
[0m00:25:15  10 of 11 PASS not_null_fct_crypto_metrics_symbol ............................... [[32mPASS[0m in 0.12s]
[0m00:25:15  8 of 11 PASS not_null_fct_crypto_metrics_rolling_6_period_avg_price ............ [[32mPASS[0m in 0.18s]
[0m00:25:15  11 of 11 PASS unique_fct_crypto_metrics_surrogate_key .......................... [[32mPASS[0m in 0.08s]
[0m00:25:15  
[0m00:25:15  Finished running 1 incremental model, 9 data tests, 1 view model in 0 hours 0 minutes and 1.55 seconds (1.55s).
[0m00:25:15  
[0m00:25:15  [31mCompleted with 2 errors, 0 partial successes, and 0 warnings:[0m
[0m00:25:15  
[0m00:25:15  [[31mERROR[0m]: in test not_null_fct_crypto_metrics_price_change_since_last_tick (models/marts/schema.yml)
[0m00:25:15    Got 2 results, configured to fail if != 0
[0m00:25:15  
[0m00:25:15    compiled code at target/compiled/crypto_transform/models/marts/schema.yml/not_null_fct_crypto_metrics_price_change_since_last_tick.sql
[0m00:25:15  
[0m00:25:15  [[31mERROR[0m]: in test not_null_fct_crypto_metrics_surrogate_key (models/marts/schema.yml)
[0m00:25:15    Got 74 results, configured to fail if != 0
[0m00:25:15  
[0m00:25:15    compiled code at target/compiled/crypto_transform/models/marts/schema.yml/not_null_fct_crypto_metrics_surrogate_key.sql
[0m00:25:15  
[0m00:25:15  Done. PASS=9 WARN=0 ERROR=2 SKIP=0 NO-OP=0 REUSED=0 TOTAL=11
[Wed 07 Oct 2026 11:30:01 AEDT] Starting pipeline run
[Wed 07 Oct 2026 11:30:01 AEDT] Starting data ingestion
[2026-10-07T00:30:02.601331+00:00] Fetching ticker data...
{'XETHZUSD': {'a': ['2693.39000', '5', '5.000'], 'b': ['2693.38000', '2', '2.000'], 'c': ['2693.39000', '0.06569017'], 'v': ['128.83932956', '24714.78463190'], 'p': ['2695.39385', '2703.56937'], 't': [509, 36975], 'l': ['2693.39000', '2683.07000'], 'h': ['2699.33000', '2724.02000'], 'o': '2697.15000'}, 'SOLUSD': {'a': ['120.33000', '17', '17.000'], 'b': ['120.32000', '85', '85.000'], 'c': ['120.33000', '1.26493439'], 'v': ['3673.34229189', '331344.31269112'], 'p': ['120.48125', '120.44336'], 't': [561, 33357], 'l': ['120.33000', '118.89000'], 'h': ['120.69000', '121.97000'], 'o': '120.69000'}, 'XXBTZUSD': {'a': ['85400.10000', '1', '1.000'], 'b': ['85400.00000', '1', '1.000'], 'c': ['85401.50000', '0.00030000'], 'v': ['26.45209983', '2150.74757020'], 'p': ['85519.36156', '85855.85834'], 't': [1627, 102658], 'l': ['85401.50000', '85110.10000'], 'h': ['85588.90000', '86683.40000'], 'o': '85542.00000'}}
Ingested successful: Pipeline crypto_realtime load step finished in 0.15 seconds
1 load package(s) were loaded to destination postgres and into dataset raw_crypto
The postgres destination used postgresql://dbt_user:***@localhost:5432/dbt_practice location to store data
Load package 1791333004.823744 is LOADED and contains no failed jobs
[Wed 07 Oct 2026 11:30:05 AEDT] Starting data transformation
[0m00:30:09  Running with dbt=1.12.5
[0m00:30:10  Registered adapter: postgres=1.11.0
[0m00:30:10  Unable to do partial parsing because config vars, config profile, or config target have changed
[0m00:30:10  Unable to do partial parsing because profile has changed
[0m00:30:14  Found 2 models, 9 data tests, 1 source, 479 macros
[0m00:30:14  
[0m00:30:14  Concurrency: 4 threads (target='prod')
[0m00:30:14  
[0m00:30:14  1 of 11 START sql view model raw_crypto.stg_crypto_prices ...................... [RUN]
[0m00:30:14  1 of 11 OK created sql view model raw_crypto.stg_crypto_prices ................. [[32mCREATE VIEW[0m in 0.40s]
[0m00:30:14  2 of 11 START sql incremental model raw_crypto.fct_crypto_metrics .............. [RUN]
[0m00:30:15  [[33mWARNING[0m]: Detected columns with numeric type and unspecified precision/scale, this can lead to unintended rounding: ['price_usd', 'rolling_6_period_avg_price', 'price_change_since_last_tick']`
[0m00:30:15  2 of 11 OK created sql incremental model raw_crypto.fct_crypto_metrics ......... [[32mINSERT 0 2[0m in 0.53s]
[0m00:30:15  5 of 11 START test not_null_fct_crypto_metrics_price_change_since_last_tick .... [RUN]
[0m00:30:15  6 of 11 START test not_null_fct_crypto_metrics_price_timestamp ................. [RUN]
[0m00:30:15  3 of 11 START test not_null_fct_crypto_metrics_coin_id ......................... [RUN]
[0m00:30:15  4 of 11 START test not_null_fct_crypto_metrics_coin_name ....................... [RUN]
[0m00:30:15  5 of 11 FAIL 2 not_null_fct_crypto_metrics_price_change_since_last_tick ........ [[31mFAIL 2[0m in 0.41s]
[0m00:30:15  6 of 11 PASS not_null_fct_crypto_metrics_price_timestamp ....................... [[32mPASS[0m in 0.40s]
[0m00:30:15  7 of 11 START test not_null_fct_crypto_metrics_price_usd ....................... [RUN]
[0m00:30:15  3 of 11 PASS not_null_fct_crypto_metrics_coin_id ............................... [[32mPASS[0m in 0.42s]
[0m00:30:15  4 of 11 PASS not_null_fct_crypto_metrics_coin_name ............................. [[32mPASS[0m in 0.43s]
[0m00:30:15  8 of 11 START test not_null_fct_crypto_metrics_rolling_6_period_avg_price ...... [RUN]
[0m00:30:15  9 of 11 START test not_null_fct_crypto_metrics_surrogate_key ................... [RUN]
[0m00:30:15  10 of 11 START test not_null_fct_crypto_metrics_symbol ......................... [RUN]
[0m00:30:16  7 of 11 PASS not_null_fct_crypto_metrics_price_usd ............................. [[32mPASS[0m in 0.30s]
[0m00:30:16  11 of 11 START test unique_fct_crypto_metrics_surrogate_key .................... [RUN]
[0m00:30:16  9 of 11 FAIL 74 not_null_fct_crypto_metrics_surrogate_key ...................... [[31mFAIL 74[0m in 0.32s]
[0m00:30:16  8 of 11 PASS not_null_fct_crypto_metrics_rolling_6_period_avg_price ............ [[32mPASS[0m in 0.35s]
[0m00:30:16  10 of 11 PASS not_null_fct_crypto_metrics_symbol ............................... [[32mPASS[0m in 0.32s]
[0m00:30:16  11 of 11 PASS unique_fct_crypto_metrics_surrogate_key .......................... [[32mPASS[0m in 0.14s]
[0m00:30:16  
[0m00:30:16  Finished running 1 incremental model, 9 data tests, 1 view model in 0 hours 0 minutes and 2.22 seconds (2.22s).
[0m00:30:16  
[0m00:30:16  [31mCompleted with 2 errors, 0 partial successes, and 0 warnings:[0m
[0m00:30:16  
[0m00:30:16  [[31mERROR[0m]: in test not_null_fct_crypto_metrics_price_change_since_last_tick (models/marts/schema.yml)
[0m00:30:16    Got 2 results, configured to fail if != 0
[0m00:30:16  
[0m00:30:16    compiled code at target/compiled/crypto_transform/models/marts/schema.yml/not_null_fct_crypto_metrics_price_change_since_last_tick.sql
[0m00:30:16  
[0m00:30:16  [[31mERROR[0m]: in test not_null_fct_crypto_metrics_surrogate_key (models/marts/schema.yml)
[0m00:30:16    Got 74 results, configured to fail if != 0
[0m00:30:16  
[0m00:30:16    compiled code at target/compiled/crypto_transform/models/marts/schema.yml/not_null_fct_crypto_metrics_surrogate_key.sql
[0m00:30:16  
[0m00:30:16  Done. PASS=9 WARN=0 ERROR=2 SKIP=0 NO-OP=0 REUSED=0 TOTAL=11
[Wed 07 Oct 2026 11:35:01 AEDT] Starting pipeline run
[Wed 07 Oct 2026 11:35:01 AEDT] Starting data ingestion
[2026-10-07T00:35:03.645544+00:00] Fetching ticker data...
{'XETHZUSD': {'a': ['2694.69000', '1', '1.000'], 'b': ['2694.68000', '52', '52.000'], 'c': ['2694.68000', '0.05194758'], 'v': ['176.24969545', '24741.53710788'], 'p': ['2695.13056', '2703.54236'], 't': [628, 36999], 'l': ['2693.30000', '2683.07000'], 'h': ['2699.33000', '2724.02000'], 'o': '2697.15000'}, 'SOLUSD': {'a': ['120.40000', '5', '5.000'], 'b': ['120.39000', '113', '113.000'], 'c': ['120.40000', '3.39377740'], 'v': ['4797.93221586', '332324.96223335'], 'p': ['120.46453', '120.44308'], 't': [661, 33388], 'l': ['120.30000', '118.89000'], 'h': ['120.69000', '121.97000'], 'o': '120.69000'}, 'XXBTZUSD': {'a': ['85465.60000', '1', '1.000'], 'b': ['85465.50000', '1', '1.000'], 'c': ['85464.20000', '0.00020000'], 'v': ['29.49571495', '2152.72418263'], 'p': ['85510.68296', '85855.26631'], 't': [1883, 102582], 'l': ['85400.00000', '85110.10000'], 'h': ['85588.90000', '86683.40000'], 'o': '85542.00000'}}
Ingested successful: Pipeline crypto_realtime load step finished in 0.15 seconds
1 load package(s) were loaded to destination postgres and into dataset raw_crypto
The postgres destination used postgresql://dbt_user:***@localhost:5432/dbt_practice location to store data
Load package 1791333309.434827 is LOADED and contains no failed jobs
[Wed 07 Oct 2026 11:35:14 AEDT] Starting data transformation
[0m00:35:17  Running with dbt=1.12.5
[0m00:35:19  Registered adapter: postgres=1.11.0
[0m00:35:19  Unable to do partial parsing because config vars, config profile, or config target have changed
[0m00:35:19  Unable to do partial parsing because profile has changed
[0m00:35:24  Found 2 models, 9 data tests, 1 source, 479 macros
[0m00:35:24  
[0m00:35:24  Concurrency: 4 threads (target='prod')
[0m00:35:24  
[0m00:35:24  1 of 11 START sql view model raw_crypto.stg_crypto_prices ...................... [RUN]
[0m00:35:24  1 of 11 OK created sql view model raw_crypto.stg_crypto_prices ................. [[32mCREATE VIEW[0m in 0.24s]
[0m00:35:24  2 of 11 START sql incremental model raw_crypto.fct_crypto_metrics .............. [RUN]
[0m00:35:24  [[33mWARNING[0m]: Detected columns with numeric type and unspecified precision/scale, this can lead to unintended rounding: ['price_usd', 'rolling_6_period_avg_price', 'price_change_since_last_tick']`
[0m00:35:25  2 of 11 OK created sql incremental model raw_crypto.fct_crypto_metrics ......... [[32mINSERT 0 2[0m in 0.46s]
[0m00:35:25  5 of 11 START test not_null_fct_crypto_metrics_price_change_since_last_tick .... [RUN]
[0m00:35:25  3 of 11 START test not_null_fct_crypto_metrics_coin_id ......................... [RUN]
[0m00:35:25  4 of 11 START test not_null_fct_crypto_metrics_coin_name ....................... [RUN]
[0m00:35:25  6 of 11 START test not_null_fct_crypto_metrics_price_timestamp ................. [RUN]
[0m00:35:25  4 of 11 PASS not_null_fct_crypto_metrics_coin_name ............................. [[32mPASS[0m in 0.25s]
[0m00:35:25  3 of 11 PASS not_null_fct_crypto_metrics_coin_id ............................... [[32mPASS[0m in 0.24s]
[0m00:35:25  6 of 11 PASS not_null_fct_crypto_metrics_price_timestamp ....................... [[32mPASS[0m in 0.24s]
[0m00:35:25  7 of 11 START test not_null_fct_crypto_metrics_price_usd ....................... [RUN]
[0m00:35:25  8 of 11 START test not_null_fct_crypto_metrics_rolling_6_period_avg_price ...... [RUN]
[0m00:35:25  5 of 11 PASS not_null_fct_crypto_metrics_price_change_since_last_tick .......... [[32mPASS[0m in 0.26s]
[0m00:35:25  9 of 11 START test not_null_fct_crypto_metrics_surrogate_key ................... [RUN]
[0m00:35:25  10 of 11 START test not_null_fct_crypto_metrics_symbol ......................... [RUN]
[0m00:35:25  8 of 11 PASS not_null_fct_crypto_metrics_rolling_6_period_avg_price ............ [[32mPASS[0m in 0.16s]
[0m00:35:25  11 of 11 START test unique_fct_crypto_metrics_surrogate_key .................... [RUN]
[0m00:35:25  10 of 11 PASS not_null_fct_crypto_metrics_symbol ............................... [[32mPASS[0m in 0.16s]
[0m00:35:25  7 of 11 PASS not_null_fct_crypto_metrics_price_usd ............................. [[32mPASS[0m in 0.21s]
[0m00:35:25  9 of 11 PASS not_null_fct_crypto_metrics_surrogate_key ......................... [[32mPASS[0m in 0.21s]
[0m00:35:25  11 of 11 PASS unique_fct_crypto_metrics_surrogate_key .......................... [[32mPASS[0m in 0.08s]
[0m00:35:25  
[0m00:35:25  Finished running 1 incremental model, 9 data tests, 1 view model in 0 hours 0 minutes and 1.55 seconds (1.55s).
[0m00:35:25  
[0m00:35:25  [32mCompleted successfully[0m
[0m00:35:25  
[0m00:35:25  Done. PASS=11 WARN=0 ERROR=0 SKIP=0 NO-OP=0 REUSED=0 TOTAL=11
[Wed 07 Oct 2026 11:35:32 AEDT] Pipeline completed successfully.
[Wed 07 Oct 2026 11:40:01 AEDT] Starting pipeline run
[Wed 07 Oct 2026 11:40:01 AEDT] Starting data ingestion
[2026-10-07T00:40:03.569427+00:00] Fetching ticker data...
{'XETHZUSD': {'a': ['2695.93000', '3', '3.000'], 'b': ['2695.92000', '2', '2.000'], 'c': ['2696.00000', '0.47001888'], 'v': ['186.35909887', '24745.30023029'], 'p': ['2695.20120', '2703.53714'], 't': [715, 37024], 'l': ['2693.30000', '2683.07000'], 'h': ['2699.33000', '2724.02000'], 'o': '2697.15000'}, 'SOLUSD': {'a': ['120.46000', '111', '111.000'], 'b': ['120.45000', '14', '14.000'], 'c': ['120.47000', '0.40640823'], 'v': ['5031.17304805', '332412.80469932'], 'p': ['120.46561', '120.44294'], 't': [737, 33381], 'l': ['120.30000', '118.89000'], 'h': ['120.69000', '121.97000'], 'o': '120.69000'}, 'XXBTZUSD': {'a': ['85469.50000', '1', '1.000'], 'b': ['85469.40000', '1', '1.000'], 'c': ['85469.50000', '0.00022932'], 'v': ['36.71697377', '2156.33293137'], 'p': ['85514.58028', '85854.27226'], 't': [2297, 102686], 'l': ['85400.00000', '85110.10000'], 'h': ['85588.90000', '86683.40000'], 'o': '85542.00000'}}
Ingested successful: Pipeline crypto_realtime load step finished in 0.12 seconds
1 load package(s) were loaded to destination postgres and into dataset raw_crypto
The postgres destination used postgresql://dbt_user:***@localhost:5432/dbt_practice location to store data
Load package 1791333609.393181 is LOADED and contains no failed jobs
[Wed 07 Oct 2026 11:40:15 AEDT] Starting data transformation
[0m00:40:19  Running with dbt=1.12.5
[0m00:40:20  Registered adapter: postgres=1.11.0
[0m00:40:20  Found 2 models, 9 data tests, 1 source, 479 macros
[0m00:40:20  
[0m00:40:20  Concurrency: 4 threads (target='prod')
[0m00:40:20  
[0m00:40:21  1 of 11 START sql view model raw_crypto.stg_crypto_prices ...................... [RUN]
[0m00:40:21  1 of 11 OK created sql view model raw_crypto.stg_crypto_prices ................. [[32mCREATE VIEW[0m in 0.27s]
[0m00:40:21  2 of 11 START sql incremental model raw_crypto.fct_crypto_metrics .............. [RUN]
[0m00:40:21  [[33mWARNING[0m]: Detected columns with numeric type and unspecified precision/scale, this can lead to unintended rounding: ['price_usd', 'rolling_6_period_avg_price', 'price_change_since_last_tick']`
[0m00:40:22  2 of 11 OK created sql incremental model raw_crypto.fct_crypto_metrics ......... [[32mINSERT 0 2[0m in 0.66s]
[0m00:40:22  5 of 11 START test not_null_fct_crypto_metrics_price_change_since_last_tick .... [RUN]
[0m00:40:22  4 of 11 START test not_null_fct_crypto_metrics_coin_name ....................... [RUN]
[0m00:40:22  6 of 11 START test not_null_fct_crypto_metrics_price_timestamp ................. [RUN]
[0m00:40:22  3 of 11 START test not_null_fct_crypto_metrics_coin_id ......................... [RUN]
[0m00:40:22  5 of 11 PASS not_null_fct_crypto_metrics_price_change_since_last_tick .......... [[32mPASS[0m in 0.43s]
[0m00:40:22  6 of 11 PASS not_null_fct_crypto_metrics_price_timestamp ....................... [[32mPASS[0m in 0.44s]
[0m00:40:22  3 of 11 PASS not_null_fct_crypto_metrics_coin_id ............................... [[32mPASS[0m in 0.44s]
[0m00:40:22  7 of 11 START test not_null_fct_crypto_metrics_price_usd ....................... [RUN]
[0m00:40:22  8 of 11 START test not_null_fct_crypto_metrics_rolling_6_period_avg_price ...... [RUN]
[0m00:40:22  4 of 11 PASS not_null_fct_crypto_metrics_coin_name ............................. [[32mPASS[0m in 0.46s]
[0m00:40:22  9 of 11 START test not_null_fct_crypto_metrics_surrogate_key ................... [RUN]
[0m00:40:22  10 of 11 START test not_null_fct_crypto_metrics_symbol ......................... [RUN]
[0m00:40:22  7 of 11 PASS not_null_fct_crypto_metrics_price_usd ............................. [[32mPASS[0m in 0.23s]
[0m00:40:22  8 of 11 PASS not_null_fct_crypto_metrics_rolling_6_period_avg_price ............ [[32mPASS[0m in 0.23s]
[0m00:40:22  11 of 11 START test unique_fct_crypto_metrics_surrogate_key .................... [RUN]
[0m00:40:22  9 of 11 PASS not_null_fct_crypto_metrics_surrogate_key ......................... [[32mPASS[0m in 0.23s]
[0m00:40:22  10 of 11 PASS not_null_fct_crypto_metrics_symbol ............................... [[32mPASS[0m in 0.22s]
[0m00:40:23  11 of 11 PASS unique_fct_crypto_metrics_surrogate_key .......................... [[32mPASS[0m in 0.14s]
[0m00:40:23  
[0m00:40:23  Finished running 1 incremental model, 9 data tests, 1 view model in 0 hours 0 minutes and 2.13 seconds (2.13s).
[0m00:40:23  
[0m00:40:23  [32mCompleted successfully[0m
[0m00:40:23  
[0m00:40:23  Done. PASS=11 WARN=0 ERROR=0 SKIP=0 NO-OP=0 REUSED=0 TOTAL=11
[Wed 07 Oct 2026 11:40:30 AEDT] Pipeline completed successfully.
[Wed 07 Oct 2026 11:45:01 AEDT] Starting pipeline run
[Wed 07 Oct 2026 11:45:01 AEDT] Starting data ingestion
[2026-10-07T00:45:02.541398+00:00] Fetching ticker data...
{'XETHZUSD': {'a': ['2697.76000', '1', '1.000'], 'b': ['2697.75000', '16', '16.000'], 'c': ['2697.75000', '0.15365088'], 'v': ['199.10529802', '24733.31436180'], 'p': ['2695.31816', '2703.52485'], 't': [791, 37028], 'l': ['2693.30000', '2683.07000'], 'h': ['2699.33000', '2724.02000'], 'o': '2697.15000'}, 'SOLUSD': {'a': ['120.59000', '104', '104.000'], 'b': ['120.58000', '6', '6.000'], 'c': ['120.59000', '1.09110721'], 'v': ['5601.81183063', '332705.04564940'], 'p': ['120.46674', '120.44263'], 't': [857, 33451], 'l': ['120.30000', '118.89000'], 'h': ['120.69000', '121.97000'], 'o': '120.69000'}, 'XXBTZUSD': {'a': ['85519.90000', '1', '1.000'], 'b': ['85519.80000', '1', '1.000'], 'c': ['85519.90000', '0.00049152'], 'v': ['41.21563199', '2159.60286531'], 'p': ['85510.76426', '85853.52755'], 't': [2459, 102564], 'l': ['85400.00000', '85110.10000'], 'h': ['85588.90000', '86683.40000'], 'o': '85542.00000'}}
Ingested successful: Pipeline crypto_realtime load step finished in 0.09 seconds
1 load package(s) were loaded to destination postgres and into dataset raw_crypto
The postgres destination used postgresql://dbt_user:***@localhost:5432/dbt_practice location to store data
Load package 1791333908.0767465 is LOADED and contains no failed jobs
[Wed 07 Oct 2026 11:45:13 AEDT] Starting data transformation
[0m00:45:16  Running with dbt=1.12.5
[0m00:45:16  Registered adapter: postgres=1.11.0
[0m00:45:17  Found 2 models, 9 data tests, 1 source, 479 macros
[0m00:45:17  
[0m00:45:17  Concurrency: 4 threads (target='prod')
[0m00:45:17  
[0m00:45:17  1 of 11 START sql view model raw_crypto.stg_crypto_prices ...................... [RUN]
[0m00:45:18  1 of 11 OK created sql view model raw_crypto.stg_crypto_prices ................. [[32mCREATE VIEW[0m in 0.21s]
[0m00:45:18  2 of 11 START sql incremental model raw_crypto.fct_crypto_metrics .............. [RUN]
[0m00:45:18  [[33mWARNING[0m]: Detected columns with numeric type and unspecified precision/scale, this can lead to unintended rounding: ['price_usd', 'rolling_6_period_avg_price', 'price_change_since_last_tick']`
[0m00:45:18  2 of 11 OK created sql incremental model raw_crypto.fct_crypto_metrics ......... [[32mINSERT 0 2[0m in 0.41s]
[0m00:45:18  4 of 11 START test not_null_fct_crypto_metrics_coin_name ....................... [RUN]
[0m00:45:18  6 of 11 START test not_null_fct_crypto_metrics_price_timestamp ................. [RUN]
[0m00:45:18  5 of 11 START test not_null_fct_crypto_metrics_price_change_since_last_tick .... [RUN]
[0m00:45:18  3 of 11 START test not_null_fct_crypto_metrics_coin_id ......................... [RUN]
[0m00:45:18  4 of 11 PASS not_null_fct_crypto_metrics_coin_name ............................. [[32mPASS[0m in 0.24s]
[0m00:45:18  7 of 11 START test not_null_fct_crypto_metrics_price_usd ....................... [RUN]
[0m00:45:18  6 of 11 PASS not_null_fct_crypto_metrics_price_timestamp ....................... [[32mPASS[0m in 0.25s]
[0m00:45:18  3 of 11 PASS not_null_fct_crypto_metrics_coin_id ............................... [[32mPASS[0m in 0.25s]
[0m00:45:18  5 of 11 PASS not_null_fct_crypto_metrics_price_change_since_last_tick .......... [[32mPASS[0m in 0.26s]
[0m00:45:18  8 of 11 START test not_null_fct_crypto_metrics_rolling_6_period_avg_price ...... [RUN]
[0m00:45:18  9 of 11 START test not_null_fct_crypto_metrics_surrogate_key ................... [RUN]
[0m00:45:18  10 of 11 START test not_null_fct_crypto_metrics_symbol ......................... [RUN]
[0m00:45:18  7 of 11 PASS not_null_fct_crypto_metrics_price_usd ............................. [[32mPASS[0m in 0.13s]
[0m00:45:18  9 of 11 PASS not_null_fct_crypto_metrics_surrogate_key ......................... [[32mPASS[0m in 0.12s]
[0m00:45:18  11 of 11 START test unique_fct_crypto_metrics_surrogate_key .................... [RUN]
[0m00:45:18  8 of 11 PASS not_null_fct_crypto_metrics_rolling_6_period_avg_price ............ [[32mPASS[0m in 0.13s]
[0m00:45:18  10 of 11 PASS not_null_fct_crypto_metrics_symbol ............................... [[32mPASS[0m in 0.13s]
[0m00:45:18  11 of 11 PASS unique_fct_crypto_metrics_surrogate_key .......................... [[32mPASS[0m in 0.07s]
[0m00:45:19  
[0m00:45:19  Finished running 1 incremental model, 9 data tests, 1 view model in 0 hours 0 minutes and 1.42 seconds (1.42s).
[0m00:45:19  
[0m00:45:19  [32mCompleted successfully[0m
[0m00:45:19  
[0m00:45:19  Done. PASS=11 WARN=0 ERROR=0 SKIP=0 NO-OP=0 REUSED=0 TOTAL=11
[Wed 07 Oct 2026 11:45:25 AEDT] Pipeline completed successfully.
[Wed 07 Oct 2026 11:50:01 AEDT] Starting pipeline run
[Wed 07 Oct 2026 11:50:01 AEDT] Starting data ingestion
[2026-10-07T00:50:03.088326+00:00] Fetching ticker data...
{'XETHZUSD': {'a': ['2697.42000', '5', '5.000'], 'b': ['2697.41000', '1', '1.000'], 'c': ['2697.45000', '0.00126291'], 'v': ['221.93710082', '24747.33246000'], 'p': ['2695.53008', '2703.51609'], 't': [890, 37032], 'l': ['2693.30000', '2683.07000'], 'h': ['2699.33000', '2724.02000'], 'o': '2697.15000'}, 'SOLUSD': {'a': ['120.60000', '102', '102.000'], 'b': ['120.59000', '14', '14.000'], 'c': ['120.58000', '0.18315806'], 'v': ['6315.97107695', '331642.49859401'], 'p': ['120.47984', '120.44047'], 't': [962, 33473], 'l': ['120.30000', '118.89000'], 'h': ['120.69000', '121.97000'], 'o': '120.69000'}, 'XXBTZUSD': {'a': ['85533.70000', '2', '2.000'], 'b': ['85533.60000', '1', '1.000'], 'c': ['85533.70000', '0.00570353'], 'v': ['42.13181827', '2159.27603155'], 'p': ['85510.95615', '85853.41325'], 't': [2740, 102574], 'l': ['85400.00000', '85110.10000'], 'h': ['85588.90000', '86683.40000'], 'o': '85542.00000'}}
Ingested successful: Pipeline crypto_realtime load step finished in 0.07 seconds
1 load package(s) were loaded to destination postgres and into dataset raw_crypto
The postgres destination used postgresql://dbt_user:***@localhost:5432/dbt_practice location to store data
Load package 1791334208.7114248 is LOADED and contains no failed jobs
[Wed 07 Oct 2026 11:50:14 AEDT] Starting data transformation
[0m00:50:17  Running with dbt=1.12.5
[0m00:50:17  Registered adapter: postgres=1.11.0
[0m00:50:18  Found 2 models, 9 data tests, 1 source, 479 macros
[0m00:50:18  
[0m00:50:18  Concurrency: 4 threads (target='prod')
[0m00:50:18  
[0m00:50:18  1 of 11 START sql view model raw_crypto.stg_crypto_prices ...................... [RUN]
[0m00:50:18  1 of 11 OK created sql view model raw_crypto.stg_crypto_prices ................. [[32mCREATE VIEW[0m in 0.19s]
[0m00:50:18  2 of 11 START sql incremental model raw_crypto.fct_crypto_metrics .............. [RUN]
[0m00:50:18  [[33mWARNING[0m]: Detected columns with numeric type and unspecified precision/scale, this can lead to unintended rounding: ['price_usd', 'rolling_6_period_avg_price', 'price_change_since_last_tick']`
[0m00:50:19  2 of 11 OK created sql incremental model raw_crypto.fct_crypto_metrics ......... [[32mINSERT 0 2[0m in 0.42s]
[0m00:50:19  5 of 11 START test not_null_fct_crypto_metrics_price_change_since_last_tick .... [RUN]
[0m00:50:19  6 of 11 START test not_null_fct_crypto_metrics_price_timestamp ................. [RUN]
[0m00:50:19  3 of 11 START test not_null_fct_crypto_metrics_coin_id ......................... [RUN]
[0m00:50:19  4 of 11 START test not_null_fct_crypto_metrics_coin_name ....................... [RUN]
[0m00:50:19  4 of 11 PASS not_null_fct_crypto_metrics_coin_name ............................. [[32mPASS[0m in 0.21s]
[0m00:50:19  5 of 11 PASS not_null_fct_crypto_metrics_price_change_since_last_tick .......... [[32mPASS[0m in 0.22s]
[0m00:50:19  6 of 11 PASS not_null_fct_crypto_metrics_price_timestamp ....................... [[32mPASS[0m in 0.22s]
[0m00:50:19  7 of 11 START test not_null_fct_crypto_metrics_price_usd ....................... [RUN]
[0m00:50:19  3 of 11 PASS not_null_fct_crypto_metrics_coin_id ............................... [[32mPASS[0m in 0.23s]
[0m00:50:19  8 of 11 START test not_null_fct_crypto_metrics_rolling_6_period_avg_price ...... [RUN]
[0m00:50:19  9 of 11 START test not_null_fct_crypto_metrics_surrogate_key ................... [RUN]
[0m00:50:19  10 of 11 START test not_null_fct_crypto_metrics_symbol ......................... [RUN]
[0m00:50:19  7 of 11 PASS not_null_fct_crypto_metrics_price_usd ............................. [[32mPASS[0m in 0.12s]
[0m00:50:19  11 of 11 START test unique_fct_crypto_metrics_surrogate_key .................... [RUN]
[0m00:50:19  10 of 11 PASS not_null_fct_crypto_metrics_symbol ............................... [[32mPASS[0m in 0.15s]
[0m00:50:19  8 of 11 PASS not_null_fct_crypto_metrics_rolling_6_period_avg_price ............ [[32mPASS[0m in 0.18s]
[0m00:50:19  9 of 11 PASS not_null_fct_crypto_metrics_surrogate_key ......................... [[32mPASS[0m in 0.17s]
[0m00:50:19  11 of 11 PASS unique_fct_crypto_metrics_surrogate_key .......................... [[32mPASS[0m in 0.10s]
[0m00:50:19  
[0m00:50:19  Finished running 1 incremental model, 9 data tests, 1 view model in 0 hours 0 minutes and 1.33 seconds (1.33s).
[0m00:50:19  
[0m00:50:19  [32mCompleted successfully[0m
[0m00:50:19  
[0m00:50:19  Done. PASS=11 WARN=0 ERROR=0 SKIP=0 NO-OP=0 REUSED=0 TOTAL=11
[Wed 07 Oct 2026 11:50:26 AEDT] Pipeline completed successfully.
[Wed 07 Oct 2026 11:55:01 AEDT] Starting pipeline run
[Wed 07 Oct 2026 11:55:01 AEDT] Starting data ingestion
[2026-10-07T00:55:02.747660+00:00] Fetching ticker data...
{'XETHZUSD': {'a': ['2696.75000', '7', '7.000'], 'b': ['2696.74000', '2', '2.000'], 'c': ['2696.80000', '0.08877682'], 'v': ['320.86850128', '24837.33566638'], 'p': ['2695.95504', '2703.48590'], 't': [983, 37054], 'l': ['2693.30000', '2683.07000'], 'h': ['2699.33000', '2724.02000'], 'o': '2697.15000'}, 'SOLUSD': {'a': ['120.58000', '90', '90.000'], 'b': ['120.57000', '7', '7.000'], 'c': ['120.58000', '0.20920637'], 'v': ['6421.87382874', '328188.71031823'], 'p': ['120.48212', '120.43457'], 't': [1034, 33444], 'l': ['120.30000', '118.89000'], 'h': ['120.69000', '121.97000'], 'o': '120.69000'}, 'XXBTZUSD': {'a': ['85526.80000', '3', '3.000'], 'b': ['85526.70000', '1', '1.000'], 'c': ['85526.80000', '0.00492082'], 'v': ['42.88322764', '2159.15869574'], 'p': ['85511.10876', '85853.30023'], 't': [3006, 102607], 'l': ['85400.00000', '85110.10000'], 'h': ['85588.90000', '86683.40000'], 'o': '85542.00000'}}
Ingested successful: Pipeline crypto_realtime load step finished in 0.12 seconds
1 load package(s) were loaded to destination postgres and into dataset raw_crypto
The postgres destination used postgresql://dbt_user:***@localhost:5432/dbt_practice location to store data
Load package 1791334508.3625503 is LOADED and contains no failed jobs
[Wed 07 Oct 2026 11:55:14 AEDT] Starting data transformation
[0m00:55:16  Running with dbt=1.12.5
[0m00:55:17  Registered adapter: postgres=1.11.0
[0m00:55:17  Found 2 models, 9 data tests, 1 source, 479 macros
[0m00:55:17  
[0m00:55:17  Concurrency: 4 threads (target='prod')
[0m00:55:17  
[0m00:55:18  1 of 11 START sql view model raw_crypto.stg_crypto_prices ...................... [RUN]
[0m00:55:18  1 of 11 OK created sql view model raw_crypto.stg_crypto_prices ................. [[32mCREATE VIEW[0m in 0.19s]
[0m00:55:18  2 of 11 START sql incremental model raw_crypto.fct_crypto_metrics .............. [RUN]
[0m00:55:18  [[33mWARNING[0m]: Detected columns with numeric type and unspecified precision/scale, this can lead to unintended rounding: ['price_usd', 'rolling_6_period_avg_price', 'price_change_since_last_tick']`
[0m00:55:18  2 of 11 OK created sql incremental model raw_crypto.fct_crypto_metrics ......... [[32mINSERT 0 2[0m in 0.41s]
[0m00:55:18  3 of 11 START test not_null_fct_crypto_metrics_coin_id ......................... [RUN]
[0m00:55:18  6 of 11 START test not_null_fct_crypto_metrics_price_timestamp ................. [RUN]
[0m00:55:18  4 of 11 START test not_null_fct_crypto_metrics_coin_name ....................... [RUN]
[0m00:55:18  5 of 11 START test not_null_fct_crypto_metrics_price_change_since_last_tick .... [RUN]
[0m00:55:19  3 of 11 PASS not_null_fct_crypto_metrics_coin_id ............................... [[32mPASS[0m in 0.26s]
[0m00:55:19  7 of 11 START test not_null_fct_crypto_metrics_price_usd ....................... [RUN]
[0m00:55:19  6 of 11 PASS not_null_fct_crypto_metrics_price_timestamp ....................... [[32mPASS[0m in 0.29s]
[0m00:55:19  5 of 11 PASS not_null_fct_crypto_metrics_price_change_since_last_tick .......... [[32mPASS[0m in 0.28s]
[0m00:55:19  4 of 11 PASS not_null_fct_crypto_metrics_coin_name ............................. [[32mPASS[0m in 0.29s]
[0m00:55:19  8 of 11 START test not_null_fct_crypto_metrics_rolling_6_period_avg_price ...... [RUN]
[0m00:55:19  9 of 11 START test not_null_fct_crypto_metrics_surrogate_key ................... [RUN]
[0m00:55:19  10 of 11 START test not_null_fct_crypto_metrics_symbol ......................... [RUN]
[0m00:55:19  7 of 11 PASS not_null_fct_crypto_metrics_price_usd ............................. [[32mPASS[0m in 0.10s]
[0m00:55:19  11 of 11 START test unique_fct_crypto_metrics_surrogate_key .................... [RUN]
[0m00:55:19  10 of 11 PASS not_null_fct_crypto_metrics_symbol ............................... [[32mPASS[0m in 0.12s]
[0m00:55:19  8 of 11 PASS not_null_fct_crypto_metrics_rolling_6_period_avg_price ............ [[32mPASS[0m in 0.15s]
[0m00:55:19  9 of 11 PASS not_null_fct_crypto_metrics_surrogate_key ......................... [[32mPASS[0m in 0.13s]
[0m00:55:19  11 of 11 PASS unique_fct_crypto_metrics_surrogate_key .......................... [[32mPASS[0m in 0.12s]
[0m00:55:19  
[0m00:55:19  Finished running 1 incremental model, 9 data tests, 1 view model in 0 hours 0 minutes and 1.37 seconds (1.37s).
[0m00:55:19  
[0m00:55:19  [32mCompleted successfully[0m
[0m00:55:19  
[0m00:55:19  Done. PASS=11 WARN=0 ERROR=0 SKIP=0 NO-OP=0 REUSED=0 TOTAL=11
[Wed 07 Oct 2026 11:55:25 AEDT] Pipeline completed successfully.
[Wed 07 Oct 2026 12:00:02 AEDT] Starting pipeline run
[Wed 07 Oct 2026 12:00:02 AEDT] Starting data ingestion
[2026-10-07T01:00:03.001659+00:00] Fetching ticker data...
{'XETHZUSD': {'a': ['2696.32000', '3', '3.000'], 'b': ['2696.31000', '12', '12.000'], 'c': ['2696.32000', '0.00495705'], 'v': ['342.39610819', '24730.75588957'], 'p': ['2695.99493', '2703.40611'], 't': [1035, 36951], 'l': ['2693.30000', '2683.07000'], 'h': ['2699.33000', '2724.02000'], 'o': '2697.15000'}, 'SOLUSD': {'a': ['120.59000', '110', '110.000'], 'b': ['120.58000', '8', '8.000'], 'c': ['120.59000', '0.78432125'], 'v': ['6580.72208927', '325843.89055386'], 'p': ['120.48400', '120.43026'], 't': [1125, 33450], 'l': ['120.30000', '118.89000'], 'h': ['120.69000', '121.97000'], 'o': '120.69000'}, 'XXBTZUSD': {'a': ['85528.90000', '1', '1.000'], 'b': ['85528.80000', '1', '1.000'], 'c': ['85532.20000', '0.00005000'], 'v': ['46.55246333', '2161.65088109'], 'p': ['85513.02457', '85852.75288'], 't': [3192, 102529], 'l': ['85400.00000', '85110.10000'], 'h': ['85588.90000', '86683.40000'], 'o': '85542.00000'}}
Ingested successful: Pipeline crypto_realtime load step finished in 0.08 seconds
1 load package(s) were loaded to destination postgres and into dataset raw_crypto
The postgres destination used postgresql://dbt_user:***@localhost:5432/dbt_practice location to store data
Load package 1791334808.636284 is LOADED and contains no failed jobs
[Wed 07 Oct 2026 12:00:14 AEDT] Starting data transformation
[0m01:00:17  Running with dbt=1.12.5
[0m01:00:18  Registered adapter: postgres=1.11.0
[0m01:00:18  Found 2 models, 9 data tests, 1 source, 479 macros
[0m01:00:18  
[0m01:00:18  Concurrency: 4 threads (target='prod')
[0m01:00:18  
[0m01:00:19  1 of 11 START sql view model raw_crypto.stg_crypto_prices ...................... [RUN]
[0m01:00:19  1 of 11 OK created sql view model raw_crypto.stg_crypto_prices ................. [[32mCREATE VIEW[0m in 0.18s]
[0m01:00:19  2 of 11 START sql incremental model raw_crypto.fct_crypto_metrics .............. [RUN]
[0m01:00:19  [[33mWARNING[0m]: Detected columns with numeric type and unspecified precision/scale, this can lead to unintended rounding: ['price_usd', 'rolling_6_period_avg_price', 'price_change_since_last_tick']`
[0m01:00:19  2 of 11 OK created sql incremental model raw_crypto.fct_crypto_metrics ......... [[32mINSERT 0 2[0m in 0.47s]
[0m01:00:19  6 of 11 START test not_null_fct_crypto_metrics_price_timestamp ................. [RUN]
[0m01:00:19  4 of 11 START test not_null_fct_crypto_metrics_coin_name ....................... [RUN]
[0m01:00:19  3 of 11 START test not_null_fct_crypto_metrics_coin_id ......................... [RUN]
[0m01:00:19  5 of 11 START test not_null_fct_crypto_metrics_price_change_since_last_tick .... [RUN]
[0m01:00:19  5 of 11 PASS not_null_fct_crypto_metrics_price_change_since_last_tick .......... [[32mPASS[0m in 0.25s]
[0m01:00:19  7 of 11 START test not_null_fct_crypto_metrics_price_usd ....................... [RUN]
[0m01:00:19  6 of 11 PASS not_null_fct_crypto_metrics_price_timestamp ....................... [[32mPASS[0m in 0.27s]
[0m01:00:19  3 of 11 PASS not_null_fct_crypto_metrics_coin_id ............................... [[32mPASS[0m in 0.27s]
[0m01:00:20  8 of 11 START test not_null_fct_crypto_metrics_rolling_6_period_avg_price ...... [RUN]
[0m01:00:20  9 of 11 START test not_null_fct_crypto_metrics_surrogate_key ................... [RUN]
[0m01:00:20  4 of 11 PASS not_null_fct_crypto_metrics_coin_name ............................. [[32mPASS[0m in 0.29s]
[0m01:00:20  10 of 11 START test not_null_fct_crypto_metrics_symbol ......................... [RUN]
[0m01:00:20  7 of 11 PASS not_null_fct_crypto_metrics_price_usd ............................. [[32mPASS[0m in 0.09s]
[0m01:00:20  11 of 11 START test unique_fct_crypto_metrics_surrogate_key .................... [RUN]
[0m01:00:20  10 of 11 PASS not_null_fct_crypto_metrics_symbol ............................... [[32mPASS[0m in 0.09s]
[0m01:00:20  8 of 11 PASS not_null_fct_crypto_metrics_rolling_6_period_avg_price ............ [[32mPASS[0m in 0.13s]
[0m01:00:20  9 of 11 PASS not_null_fct_crypto_metrics_surrogate_key ......................... [[32mPASS[0m in 0.14s]
[0m01:00:20  11 of 11 PASS unique_fct_crypto_metrics_surrogate_key .......................... [[32mPASS[0m in 0.12s]
[0m01:00:20  
[0m01:00:20  Finished running 1 incremental model, 9 data tests, 1 view model in 0 hours 0 minutes and 1.43 seconds (1.43s).
[0m01:00:20  
[0m01:00:20  [32mCompleted successfully[0m
[0m01:00:20  
[0m01:00:20  Done. PASS=11 WARN=0 ERROR=0 SKIP=0 NO-OP=0 REUSED=0 TOTAL=11
[Wed 07 Oct 2026 12:00:26 AEDT] Pipeline completed successfully.
[Wed 07 Oct 2026 12:05:02 AEDT] Starting pipeline run
[Wed 07 Oct 2026 12:05:02 AEDT] Starting data ingestion
[2026-10-07T01:05:02.979229+00:00] Fetching ticker data...
{'XETHZUSD': {'a': ['2693.74000', '8', '8.000'], 'b': ['2693.73000', '1', '1.000'], 'c': ['2693.73000', '0.41339913'], 'v': ['378.62148615', '24607.44952151'], 'p': ['2695.79597', '2703.28828'], 't': [1110, 36802], 'l': ['2693.30000', '2683.07000'], 'h': ['2699.33000', '2724.02000'], 'o': '2697.15000'}, 'SOLUSD': {'a': ['120.45000', '89', '89.000'], 'b': ['120.44000', '6', '6.000'], 'c': ['120.46000', '0.56676603'], 'v': ['6875.12937316', '324029.30813818'], 'p': ['120.48168', '120.42587'], 't': [1203, 33400], 'l': ['120.30000', '118.89000'], 'h': ['120.69000', '121.97000'], 'o': '120.69000'}, 'XXBTZUSD': {'a': ['85462.80000', '1', '1.000'], 'b': ['85462.70000', '1', '1.000'], 'c': ['85463.70000', '0.00010000'], 'v': ['50.52166992', '2146.90679268'], 'p': ['85510.18658', '85850.23992'], 't': [3550, 102274], 'l': ['85400.00000', '85110.10000'], 'h': ['85588.90000', '86683.40000'], 'o': '85542.00000'}}
Ingested successful: Pipeline crypto_realtime load step finished in 0.14 seconds
1 load package(s) were loaded to destination postgres and into dataset raw_crypto
The postgres destination used postgresql://dbt_user:***@localhost:5432/dbt_practice location to store data
Load package 1791335108.729088 is LOADED and contains no failed jobs
[Wed 07 Oct 2026 12:05:14 AEDT] Starting data transformation
[0m01:05:17  Running with dbt=1.12.5
[0m01:05:17  Registered adapter: postgres=1.11.0
[0m01:05:18  Found 2 models, 9 data tests, 1 source, 479 macros
[0m01:05:18  
[0m01:05:18  Concurrency: 4 threads (target='prod')
[0m01:05:18  
[0m01:05:18  1 of 11 START sql view model raw_crypto.stg_crypto_prices ...................... [RUN]
[0m01:05:19  1 of 11 OK created sql view model raw_crypto.stg_crypto_prices ................. [[32mCREATE VIEW[0m in 0.18s]
[0m01:05:19  2 of 11 START sql incremental model raw_crypto.fct_crypto_metrics .............. [RUN]
[0m01:05:19  [[33mWARNING[0m]: Detected columns with numeric type and unspecified precision/scale, this can lead to unintended rounding: ['price_usd', 'rolling_6_period_avg_price', 'price_change_since_last_tick']`
[0m01:05:19  2 of 11 OK created sql incremental model raw_crypto.fct_crypto_metrics ......... [[32mINSERT 0 2[0m in 0.38s]
[0m01:05:19  3 of 11 START test not_null_fct_crypto_metrics_coin_id ......................... [RUN]
[0m01:05:19  4 of 11 START test not_null_fct_crypto_metrics_coin_name ....................... [RUN]
[0m01:05:19  5 of 11 START test not_null_fct_crypto_metrics_price_change_since_last_tick .... [RUN]
[0m01:05:19  6 of 11 START test not_null_fct_crypto_metrics_price_timestamp ................. [RUN]
[0m01:05:19  4 of 11 PASS not_null_fct_crypto_metrics_coin_name ............................. [[32mPASS[0m in 0.26s]
[0m01:05:19  7 of 11 START test not_null_fct_crypto_metrics_price_usd ....................... [RUN]
[0m01:05:19  3 of 11 PASS not_null_fct_crypto_metrics_coin_id ............................... [[32mPASS[0m in 0.30s]
[0m01:05:19  5 of 11 PASS not_null_fct_crypto_metrics_price_change_since_last_tick .......... [[32mPASS[0m in 0.29s]
[0m01:05:19  6 of 11 PASS not_null_fct_crypto_metrics_price_timestamp ....................... [[32mPASS[0m in 0.30s]
[0m01:05:19  8 of 11 START test not_null_fct_crypto_metrics_rolling_6_period_avg_price ...... [RUN]
[0m01:05:19  9 of 11 START test not_null_fct_crypto_metrics_surrogate_key ................... [RUN]
[0m01:05:19  10 of 11 START test not_null_fct_crypto_metrics_symbol ......................... [RUN]
[0m01:05:19  7 of 11 PASS not_null_fct_crypto_metrics_price_usd ............................. [[32mPASS[0m in 0.12s]
[0m01:05:19  11 of 11 START test unique_fct_crypto_metrics_surrogate_key .................... [RUN]
[0m01:05:19  9 of 11 PASS not_null_fct_crypto_metrics_surrogate_key ......................... [[32mPASS[0m in 0.22s]
[0m01:05:19  8 of 11 PASS not_null_fct_crypto_metrics_rolling_6_period_avg_price ............ [[32mPASS[0m in 0.25s]
[0m01:05:20  10 of 11 PASS not_null_fct_crypto_metrics_symbol ............................... [[32mPASS[0m in 0.25s]
[0m01:05:20  11 of 11 PASS unique_fct_crypto_metrics_surrogate_key .......................... [[32mPASS[0m in 0.22s]
[0m01:05:20  
[0m01:05:20  Finished running 1 incremental model, 9 data tests, 1 view model in 0 hours 0 minutes and 1.48 seconds (1.48s).
[0m01:05:20  
[0m01:05:20  [32mCompleted successfully[0m
[0m01:05:20  
[0m01:05:20  Done. PASS=11 WARN=0 ERROR=0 SKIP=0 NO-OP=0 REUSED=0 TOTAL=11
[Wed 07 Oct 2026 12:05:26 AEDT] Pipeline completed successfully.
[Wed 07 Oct 2026 12:10:01 AEDT] Starting pipeline run
[Wed 07 Oct 2026 12:10:01 AEDT] Starting data ingestion
[2026-10-07T01:10:02.918198+00:00] Fetching ticker data...
{'XETHZUSD': {'a': ['2694.15000', '6', '6.000'], 'b': ['2694.14000', '2', '2.000'], 'c': ['2694.14000', '0.00161660'], 'v': ['400.50284733', '24606.06398270'], 'p': ['2695.67704', '2703.26472'], 't': [1181, 36777], 'l': ['2693.04000', '2683.07000'], 'h': ['2699.33000', '2724.02000'], 'o': '2697.15000'}, 'SOLUSD': {'a': ['120.43000', '28', '28.000'], 'b': ['120.42000', '97', '97.000'], 'c': ['120.46000', '0.75773451'], 'v': ['7064.56662802', '323149.72126895'], 'p': ['120.47973', '120.42345'], 't': [1279, 33420], 'l': ['120.30000', '118.89000'], 'h': ['120.69000', '121.97000'], 'o': '120.69000'}, 'XXBTZUSD': {'a': ['85470.20000', '1', '1.000'], 'b': ['85470.10000', '1', '1.000'], 'c': ['85471.30000', '0.00005100'], 'v': ['51.35201123', '2146.68266596'], 'p': ['85509.46775', '85849.97265'], 't': [3773, 102083], 'l': ['85400.00000', '85110.10000'], 'h': ['85588.90000', '86683.40000'], 'o': '85542.00000'}}
Ingested successful: Pipeline crypto_realtime load step finished in 0.07 seconds
1 load package(s) were loaded to destination postgres and into dataset raw_crypto
The postgres destination used postgresql://dbt_user:***@localhost:5432/dbt_practice location to store data
Load package 1791335408.5535643 is LOADED and contains no failed jobs
[Wed 07 Oct 2026 12:10:14 AEDT] Starting data transformation
[0m01:10:16  Running with dbt=1.12.5
[0m01:10:17  Registered adapter: postgres=1.11.0
[0m01:10:18  Found 2 models, 9 data tests, 1 source, 479 macros
[0m01:10:18  
[0m01:10:18  Concurrency: 4 threads (target='prod')
[0m01:10:18  
[0m01:10:18  1 of 11 START sql view model raw_crypto.stg_crypto_prices ...................... [RUN]
[0m01:10:19  1 of 11 OK created sql view model raw_crypto.stg_crypto_prices ................. [[32mCREATE VIEW[0m in 0.53s]
[0m01:10:19  2 of 11 START sql incremental model raw_crypto.fct_crypto_metrics .............. [RUN]
[0m01:10:19  [[33mWARNING[0m]: Detected columns with numeric type and unspecified precision/scale, this can lead to unintended rounding: ['price_usd', 'rolling_6_period_avg_price', 'price_change_since_last_tick']`
[0m01:10:20  2 of 11 OK created sql incremental model raw_crypto.fct_crypto_metrics ......... [[32mINSERT 0 2[0m in 0.73s]
[0m01:10:20  6 of 11 START test not_null_fct_crypto_metrics_price_timestamp ................. [RUN]
[0m01:10:20  5 of 11 START test not_null_fct_crypto_metrics_price_change_since_last_tick .... [RUN]
[0m01:10:20  4 of 11 START test not_null_fct_crypto_metrics_coin_name ....................... [RUN]
[0m01:10:20  3 of 11 START test not_null_fct_crypto_metrics_coin_id ......................... [RUN]
[0m01:10:20  5 of 11 PASS not_null_fct_crypto_metrics_price_change_since_last_tick .......... [[32mPASS[0m in 0.69s]
[0m01:10:20  7 of 11 START test not_null_fct_crypto_metrics_price_usd ....................... [RUN]
[0m01:10:20  6 of 11 PASS not_null_fct_crypto_metrics_price_timestamp ....................... [[32mPASS[0m in 0.71s]
[0m01:10:21  3 of 11 PASS not_null_fct_crypto_metrics_coin_id ............................... [[32mPASS[0m in 0.66s]
[0m01:10:21  8 of 11 START test not_null_fct_crypto_metrics_rolling_6_period_avg_price ...... [RUN]
[0m01:10:21  9 of 11 START test not_null_fct_crypto_metrics_surrogate_key ................... [RUN]
[0m01:10:21  4 of 11 PASS not_null_fct_crypto_metrics_coin_name ............................. [[32mPASS[0m in 0.69s]
[0m01:10:21  10 of 11 START test not_null_fct_crypto_metrics_symbol ......................... [RUN]
[0m01:10:21  7 of 11 PASS not_null_fct_crypto_metrics_price_usd ............................. [[32mPASS[0m in 0.26s]
[0m01:10:21  8 of 11 PASS not_null_fct_crypto_metrics_rolling_6_period_avg_price ............ [[32mPASS[0m in 0.27s]
[0m01:10:21  11 of 11 START test unique_fct_crypto_metrics_surrogate_key .................... [RUN]
[0m01:10:21  9 of 11 PASS not_null_fct_crypto_metrics_surrogate_key ......................... [[32mPASS[0m in 0.29s]
[0m01:10:21  10 of 11 PASS not_null_fct_crypto_metrics_symbol ............................... [[32mPASS[0m in 0.27s]
[0m01:10:21  11 of 11 PASS unique_fct_crypto_metrics_surrogate_key .......................... [[32mPASS[0m in 0.18s]
[0m01:10:21  
[0m01:10:21  Finished running 1 incremental model, 9 data tests, 1 view model in 0 hours 0 minutes and 3.10 seconds (3.10s).
[0m01:10:21  
[0m01:10:21  [32mCompleted successfully[0m
[0m01:10:21  
[0m01:10:21  Done. PASS=11 WARN=0 ERROR=0 SKIP=0 NO-OP=0 REUSED=0 TOTAL=11
[Wed 07 Oct 2026 12:10:28 AEDT] Pipeline completed successfully.
[Wed 07 Oct 2026 12:15:01 AEDT] Starting pipeline run
[Wed 07 Oct 2026 12:15:01 AEDT] Starting data ingestion
[2026-10-07T01:15:02.751272+00:00] Fetching ticker data...
{'XETHZUSD': {'a': ['2692.73000', '10', '10.000'], 'b': ['2692.72000', '2', '2.000'], 'c': ['2692.73000', '0.08916671'], 'v': ['437.29396246', '24620.66212375'], 'p': ['2695.39454', '2703.23527'], 't': [1273, 36810], 'l': ['2691.89000', '2683.07000'], 'h': ['2699.33000', '2724.02000'], 'o': '2697.15000'}, 'SOLUSD': {'a': ['120.37000', '97', '97.000'], 'b': ['120.36000', '7', '7.000'], 'c': ['120.37000', '0.70811484'], 'v': ['7393.07811057', '323350.16264825'], 'p': ['120.47310', '120.42309'], 't': [1352, 33446], 'l': ['120.30000', '118.89000'], 'h': ['120.69000', '121.97000'], 'o': '120.69000'}, 'XXBTZUSD': {'a': ['85439.00000', '2', '2.000'], 'b': ['85438.90000', '1', '1.000'], 'c': ['85439.00000', '0.00093656'], 'v': ['52.22264848', '2145.93017491'], 'p': ['85508.28045', '85849.67143'], 't': [4092, 102086], 'l': ['85400.00000', '85110.10000'], 'h': ['85588.90000', '86683.40000'], 'o': '85542.00000'}}
Ingested successful: Pipeline crypto_realtime load step finished in 0.08 seconds
1 load package(s) were loaded to destination postgres and into dataset raw_crypto
The postgres destination used postgresql://dbt_user:***@localhost:5432/dbt_practice location to store data
Load package 1791335708.3872733 is LOADED and contains no failed jobs
[Wed 07 Oct 2026 12:15:13 AEDT] Starting data transformation
[0m01:15:16  Running with dbt=1.12.5
[0m01:15:17  Registered adapter: postgres=1.11.0
[0m01:15:18  Found 2 models, 9 data tests, 1 source, 479 macros
[0m01:15:18  
[0m01:15:18  Concurrency: 4 threads (target='prod')
[0m01:15:18  
[0m01:15:18  1 of 11 START sql view model raw_crypto.stg_crypto_prices ...................... [RUN]
[0m01:15:18  1 of 11 OK created sql view model raw_crypto.stg_crypto_prices ................. [[32mCREATE VIEW[0m in 0.22s]
[0m01:15:18  2 of 11 START sql incremental model raw_crypto.fct_crypto_metrics .............. [RUN]
[0m01:15:18  [[33mWARNING[0m]: Detected columns with numeric type and unspecified precision/scale, this can lead to unintended rounding: ['price_usd', 'rolling_6_period_avg_price', 'price_change_since_last_tick']`
[0m01:15:19  2 of 11 OK created sql incremental model raw_crypto.fct_crypto_metrics ......... [[32mINSERT 0 2[0m in 0.42s]
[0m01:15:19  5 of 11 START test not_null_fct_crypto_metrics_price_change_since_last_tick .... [RUN]
[0m01:15:19  4 of 11 START test not_null_fct_crypto_metrics_coin_name ....................... [RUN]
[0m01:15:19  3 of 11 START test not_null_fct_crypto_metrics_coin_id ......................... [RUN]
[0m01:15:19  6 of 11 START test not_null_fct_crypto_metrics_price_timestamp ................. [RUN]
[0m01:15:19  4 of 11 PASS not_null_fct_crypto_metrics_coin_name ............................. [[32mPASS[0m in 0.19s]
[0m01:15:19  7 of 11 START test not_null_fct_crypto_metrics_price_usd ....................... [RUN]
[0m01:15:19  3 of 11 PASS not_null_fct_crypto_metrics_coin_id ............................... [[32mPASS[0m in 0.24s]
[0m01:15:19  5 of 11 PASS not_null_fct_crypto_metrics_price_change_since_last_tick .......... [[32mPASS[0m in 0.25s]
[0m01:15:19  6 of 11 PASS not_null_fct_crypto_metrics_price_timestamp ....................... [[32mPASS[0m in 0.24s]
[0m01:15:19  8 of 11 START test not_null_fct_crypto_metrics_rolling_6_period_avg_price ...... [RUN]
[0m01:15:19  9 of 11 START test not_null_fct_crypto_metrics_surrogate_key ................... [RUN]
[0m01:15:19  10 of 11 START test not_null_fct_crypto_metrics_symbol ......................... [RUN]
[0m01:15:19  7 of 11 PASS not_null_fct_crypto_metrics_price_usd ............................. [[32mPASS[0m in 0.16s]
[0m01:15:19  11 of 11 START test unique_fct_crypto_metrics_surrogate_key .................... [RUN]
[0m01:15:19  8 of 11 PASS not_null_fct_crypto_metrics_rolling_6_period_avg_price ............ [[32mPASS[0m in 0.17s]
[0m01:15:19  10 of 11 PASS not_null_fct_crypto_metrics_symbol ............................... [[32mPASS[0m in 0.17s]
[0m01:15:19  9 of 11 PASS not_null_fct_crypto_metrics_surrogate_key ......................... [[32mPASS[0m in 0.17s]
[0m01:15:19  11 of 11 PASS unique_fct_crypto_metrics_surrogate_key .......................... [[32mPASS[0m in 0.15s]
[0m01:15:19  
[0m01:15:19  Finished running 1 incremental model, 9 data tests, 1 view model in 0 hours 0 minutes and 1.51 seconds (1.51s).
[0m01:15:19  
[0m01:15:19  [32mCompleted successfully[0m
[0m01:15:19  
[0m01:15:19  Done. PASS=11 WARN=0 ERROR=0 SKIP=0 NO-OP=0 REUSED=0 TOTAL=11
[Wed 07 Oct 2026 12:15:26 AEDT] Pipeline completed successfully.
[Wed 07 Oct 2026 12:20:01 AEDT] Starting pipeline run
[Wed 07 Oct 2026 12:20:01 AEDT] Starting data ingestion
[2026-10-07T01:20:02.684100+00:00] Fetching ticker data...
{'XETHZUSD': {'a': ['2688.80000', '1', '1.000'], 'b': ['2688.79000', '75', '75.000'], 'c': ['2688.79000', '0.25991202'], 'v': ['496.05076552', '24574.63259485'], 'p': ['2694.77153', '2703.14760'], 't': [1396, 36847], 'l': ['2688.79000', '2683.07000'], 'h': ['2699.33000', '2724.02000'], 'o': '2697.15000'}, 'SOLUSD': {'a': ['120.21000', '120', '120.000'], 'b': ['120.20000', '30', '30.000'], 'c': ['120.20000', '6.59850000'], 'v': ['7540.86208011', '322409.72044574'], 'p': ['120.46890', '120.42108'], 't': [1434, 33450], 'l': ['120.18000', '118.89000'], 'h': ['120.69000', '121.97000'], 'o': '120.69000'}, 'XXBTZUSD': {'a': ['85359.60000', '1', '1.000'], 'b': ['85359.50000', '2', '2.000'], 'c': ['85359.60000', '0.00146547'], 'v': ['52.85442030', '2135.81726756'], 'p': ['85507.01890', '85848.92472'], 't': [4390, 101926], 'l': ['85357.60000', '85110.10000'], 'h': ['85588.90000', '86683.40000'], 'o': '85542.00000'}}
Ingested successful: Pipeline crypto_realtime load step finished in 0.08 seconds
1 load package(s) were loaded to destination postgres and into dataset raw_crypto
The postgres destination used postgresql://dbt_user:***@localhost:5432/dbt_practice location to store data
Load package 1791336008.330366 is LOADED and contains no failed jobs
[Wed 07 Oct 2026 12:20:13 AEDT] Starting data transformation
[0m01:20:16  Running with dbt=1.12.5
[0m01:20:16  Registered adapter: postgres=1.11.0
[0m01:20:17  Found 2 models, 9 data tests, 1 source, 479 macros
[0m01:20:17  
[0m01:20:17  Concurrency: 4 threads (target='prod')
[0m01:20:17  
[0m01:20:17  1 of 11 START sql view model raw_crypto.stg_crypto_prices ...................... [RUN]
[0m01:20:18  1 of 11 OK created sql view model raw_crypto.stg_crypto_prices ................. [[32mCREATE VIEW[0m in 0.18s]
[0m01:20:18  2 of 11 START sql incremental model raw_crypto.fct_crypto_metrics .............. [RUN]
[0m01:20:18  [[33mWARNING[0m]: Detected columns with numeric type and unspecified precision/scale, this can lead to unintended rounding: ['price_usd', 'rolling_6_period_avg_price', 'price_change_since_last_tick']`
[0m01:20:18  2 of 11 OK created sql incremental model raw_crypto.fct_crypto_metrics ......... [[32mINSERT 0 2[0m in 0.41s]
[0m01:20:18  5 of 11 START test not_null_fct_crypto_metrics_price_change_since_last_tick .... [RUN]
[0m01:20:18  3 of 11 START test not_null_fct_crypto_metrics_coin_id ......................... [RUN]
[0m01:20:18  6 of 11 START test not_null_fct_crypto_metrics_price_timestamp ................. [RUN]
[0m01:20:18  4 of 11 START test not_null_fct_crypto_metrics_coin_name ....................... [RUN]
[0m01:20:18  5 of 11 PASS not_null_fct_crypto_metrics_price_change_since_last_tick .......... [[32mPASS[0m in 0.19s]
[0m01:20:18  7 of 11 START test not_null_fct_crypto_metrics_price_usd ....................... [RUN]
[0m01:20:18  4 of 11 PASS not_null_fct_crypto_metrics_coin_name ............................. [[32mPASS[0m in 0.20s]
[0m01:20:18  6 of 11 PASS not_null_fct_crypto_metrics_price_timestamp ....................... [[32mPASS[0m in 0.21s]
[0m01:20:18  3 of 11 PASS not_null_fct_crypto_metrics_coin_id ............................... [[32mPASS[0m in 0.24s]
[0m01:20:18  8 of 11 START test not_null_fct_crypto_metrics_rolling_6_period_avg_price ...... [RUN]
[0m01:20:18  9 of 11 START test not_null_fct_crypto_metrics_surrogate_key ................... [RUN]
[0m01:20:18  10 of 11 START test not_null_fct_crypto_metrics_symbol ......................... [RUN]
[0m01:20:18  7 of 11 PASS not_null_fct_crypto_metrics_price_usd ............................. [[32mPASS[0m in 0.12s]
[0m01:20:18  11 of 11 START test unique_fct_crypto_metrics_surrogate_key .................... [RUN]
[0m01:20:18  8 of 11 PASS not_null_fct_crypto_metrics_rolling_6_period_avg_price ............ [[32mPASS[0m in 0.11s]
[0m01:20:18  9 of 11 PASS not_null_fct_crypto_metrics_surrogate_key ......................... [[32mPASS[0m in 0.15s]
[0m01:20:18  10 of 11 PASS not_null_fct_crypto_metrics_symbol ............................... [[32mPASS[0m in 0.15s]
[0m01:20:18  11 of 11 PASS unique_fct_crypto_metrics_surrogate_key .......................... [[32mPASS[0m in 0.09s]
[0m01:20:18  
[0m01:20:18  Finished running 1 incremental model, 9 data tests, 1 view model in 0 hours 0 minutes and 1.32 seconds (1.32s).
[0m01:20:19  
[0m01:20:19  [32mCompleted successfully[0m
[0m01:20:19  
[0m01:20:19  Done. PASS=11 WARN=0 ERROR=0 SKIP=0 NO-OP=0 REUSED=0 TOTAL=11
[Wed 07 Oct 2026 12:20:25 AEDT] Pipeline completed successfully.
[Wed 07 Oct 2026 12:25:01 AEDT] Starting pipeline run
[Wed 07 Oct 2026 12:25:01 AEDT] Starting data ingestion
[2026-10-07T01:25:02.761120+00:00] Fetching ticker data...
{'XETHZUSD': {'a': ['2687.39000', '3', '3.000'], 'b': ['2687.38000', '10', '10.000'], 'c': ['2687.39000', '0.34569765'], 'v': ['567.65849718', '24627.84356997'], 'p': ['2693.90674', '2703.09350'], 't': [1535, 36910], 'l': ['2685.22000', '2683.07000'], 'h': ['2699.33000', '2724.02000'], 'o': '2697.15000'}, 'SOLUSD': {'a': ['120.11000', '78', '78.000'], 'b': ['120.10000', '29', '29.000'], 'c': ['120.11000', '0.03799950'], 'v': ['8639.89439751', '323469.86505717'], 'p': ['120.41266', '120.41967'], 't': [1567, 33540], 'l': ['119.98000', '118.89000'], 'h': ['120.69000', '121.97000'], 'o': '120.69000'}, 'XXBTZUSD': {'a': ['85338.50000', '1', '1.000'], 'b': ['85338.40000', '1', '1.000'], 'c': ['85338.50000', '0.00084665'], 'v': ['56.12183428', '2136.60029049'], 'p': ['85496.47214', '85848.03601'], 't': [4886, 102136], 'l': ['85300.00000', '85110.10000'], 'h': ['85588.90000', '86683.40000'], 'o': '85542.00000'}}
Ingested successful: Pipeline crypto_realtime load step finished in 0.07 seconds
1 load package(s) were loaded to destination postgres and into dataset raw_crypto
The postgres destination used postgresql://dbt_user:***@localhost:5432/dbt_practice location to store data
Load package 1791336308.3880715 is LOADED and contains no failed jobs
[Wed 07 Oct 2026 12:25:13 AEDT] Starting data transformation
[0m01:25:16  Running with dbt=1.12.5
[0m01:25:17  Registered adapter: postgres=1.11.0
[0m01:25:18  Found 2 models, 9 data tests, 1 source, 479 macros
[0m01:25:18  
[0m01:25:18  Concurrency: 4 threads (target='prod')
[0m01:25:18  
[0m01:25:18  1 of 11 START sql view model raw_crypto.stg_crypto_prices ...................... [RUN]
[0m01:25:18  1 of 11 OK created sql view model raw_crypto.stg_crypto_prices ................. [[32mCREATE VIEW[0m in 0.22s]
[0m01:25:18  2 of 11 START sql incremental model raw_crypto.fct_crypto_metrics .............. [RUN]
[0m01:25:18  [[33mWARNING[0m]: Detected columns with numeric type and unspecified precision/scale, this can lead to unintended rounding: ['price_usd', 'rolling_6_period_avg_price', 'price_change_since_last_tick']`
[0m01:25:18  2 of 11 OK created sql incremental model raw_crypto.fct_crypto_metrics ......... [[32mINSERT 0 2[0m in 0.37s]
[0m01:25:18  3 of 11 START test not_null_fct_crypto_metrics_coin_id ......................... [RUN]
[0m01:25:18  5 of 11 START test not_null_fct_crypto_metrics_price_change_since_last_tick .... [RUN]
[0m01:25:18  4 of 11 START test not_null_fct_crypto_metrics_coin_name ....................... [RUN]
[0m01:25:18  6 of 11 START test not_null_fct_crypto_metrics_price_timestamp ................. [RUN]
[0m01:25:19  5 of 11 PASS not_null_fct_crypto_metrics_price_change_since_last_tick .......... [[32mPASS[0m in 0.22s]
[0m01:25:19  7 of 11 START test not_null_fct_crypto_metrics_price_usd ....................... [RUN]
[0m01:25:19  6 of 11 PASS not_null_fct_crypto_metrics_price_timestamp ....................... [[32mPASS[0m in 0.24s]
[0m01:25:19  4 of 11 PASS not_null_fct_crypto_metrics_coin_name ............................. [[32mPASS[0m in 0.24s]
[0m01:25:19  8 of 11 START test not_null_fct_crypto_metrics_rolling_6_period_avg_price ...... [RUN]
[0m01:25:19  3 of 11 PASS not_null_fct_crypto_metrics_coin_id ............................... [[32mPASS[0m in 0.26s]
[0m01:25:19  9 of 11 START test not_null_fct_crypto_metrics_surrogate_key ................... [RUN]
[0m01:25:19  10 of 11 START test not_null_fct_crypto_metrics_symbol ......................... [RUN]
[0m01:25:19  7 of 11 PASS not_null_fct_crypto_metrics_price_usd ............................. [[32mPASS[0m in 0.14s]
[0m01:25:19  8 of 11 PASS not_null_fct_crypto_metrics_rolling_6_period_avg_price ............ [[32mPASS[0m in 0.12s]
[0m01:25:19  11 of 11 START test unique_fct_crypto_metrics_surrogate_key .................... [RUN]
[0m01:25:19  9 of 11 PASS not_null_fct_crypto_metrics_surrogate_key ......................... [[32mPASS[0m in 0.15s]
[0m01:25:19  10 of 11 PASS not_null_fct_crypto_metrics_symbol ............................... [[32mPASS[0m in 0.13s]
[0m01:25:19  11 of 11 PASS unique_fct_crypto_metrics_surrogate_key .......................... [[32mPASS[0m in 0.06s]
[0m01:25:19  
[0m01:25:19  Finished running 1 incremental model, 9 data tests, 1 view model in 0 hours 0 minutes and 1.37 seconds (1.37s).
[0m01:25:19  
[0m01:25:19  [32mCompleted successfully[0m
[0m01:25:19  
[0m01:25:19  Done. PASS=11 WARN=0 ERROR=0 SKIP=0 NO-OP=0 REUSED=0 TOTAL=11
[Wed 07 Oct 2026 12:25:26 AEDT] Pipeline completed successfully.
[Wed 07 Oct 2026 12:30:01 AEDT] Starting pipeline run
[Wed 07 Oct 2026 12:30:01 AEDT] Starting data ingestion
[2026-10-07T01:30:02.174206+00:00] Fetching ticker data...
{'XETHZUSD': {'a': ['2684.70000', '8', '8.000'], 'b': ['2684.69000', '21', '21.000'], 'c': ['2684.70000', '0.06077737'], 'v': ['639.77131163', '24683.23958606'], 'p': ['2692.93770', '2703.03261'], 't': [1641, 36948], 'l': ['2683.85000', '2683.07000'], 'h': ['2699.33000', '2724.02000'], 'o': '2697.15000'}, 'SOLUSD': {'a': ['119.94000', '89', '89.000'], 'b': ['119.93000', '6', '6.000'], 'c': ['119.93000', '0.80366832'], 'v': ['11060.22277258', '325654.24942632'], 'p': ['120.32580', '120.41625'], 't': [1687, 33587], 'l': ['119.88000', '118.89000'], 'h': ['120.69000', '121.97000'], 'o': '120.69000'}, 'XXBTZUSD': {'a': ['85258.60000', '1', '1.000'], 'b': ['85258.50000', '1', '1.000'], 'c': ['85258.60000', '0.00806190'], 'v': ['60.95232382', '2138.61835082'], 'p': ['85479.23482', '85846.63213'], 't': [5284, 102235], 'l': ['85243.10000', '85110.10000'], 'h': ['85588.90000', '86683.40000'], 'o': '85542.00000'}}
Ingested successful: Pipeline crypto_realtime load step finished in 0.07 seconds
1 load package(s) were loaded to destination postgres and into dataset raw_crypto
The postgres destination used postgresql://dbt_user:***@localhost:5432/dbt_practice location to store data
Load package 1791336607.8095136 is LOADED and contains no failed jobs
[Wed 07 Oct 2026 12:30:13 AEDT] Starting data transformation
[0m01:30:16  Running with dbt=1.12.5
[0m01:30:17  Registered adapter: postgres=1.11.0
[0m01:30:17  Found 2 models, 9 data tests, 1 source, 479 macros
[0m01:30:17  
[0m01:30:17  Concurrency: 4 threads (target='prod')
[0m01:30:17  
[0m01:30:18  1 of 11 START sql view model raw_crypto.stg_crypto_prices ...................... [RUN]
[0m01:30:18  1 of 11 OK created sql view model raw_crypto.stg_crypto_prices ................. [[32mCREATE VIEW[0m in 0.27s]
[0m01:30:18  2 of 11 START sql incremental model raw_crypto.fct_crypto_metrics .............. [RUN]
[0m01:30:18  [[33mWARNING[0m]: Detected columns with numeric type and unspecified precision/scale, this can lead to unintended rounding: ['price_usd', 'rolling_6_period_avg_price', 'price_change_since_last_tick']`
[0m01:30:19  2 of 11 OK created sql incremental model raw_crypto.fct_crypto_metrics ......... [[32mINSERT 0 2[0m in 0.71s]
[0m01:30:19  6 of 11 START test not_null_fct_crypto_metrics_price_timestamp ................. [RUN]
[0m01:30:19  4 of 11 START test not_null_fct_crypto_metrics_coin_name ....................... [RUN]
[0m01:30:19  3 of 11 START test not_null_fct_crypto_metrics_coin_id ......................... [RUN]
[0m01:30:19  5 of 11 START test not_null_fct_crypto_metrics_price_change_since_last_tick .... [RUN]
[0m01:30:19  5 of 11 PASS not_null_fct_crypto_metrics_price_change_since_last_tick .......... [[32mPASS[0m in 0.32s]
[0m01:30:19  3 of 11 PASS not_null_fct_crypto_metrics_coin_id ............................... [[32mPASS[0m in 0.34s]
[0m01:30:19  7 of 11 START test not_null_fct_crypto_metrics_price_usd ....................... [RUN]
[0m01:30:19  6 of 11 PASS not_null_fct_crypto_metrics_price_timestamp ....................... [[32mPASS[0m in 0.36s]
[0m01:30:19  4 of 11 PASS not_null_fct_crypto_metrics_coin_name ............................. [[32mPASS[0m in 0.36s]
[0m01:30:19  8 of 11 START test not_null_fct_crypto_metrics_rolling_6_period_avg_price ...... [RUN]
[0m01:30:19  9 of 11 START test not_null_fct_crypto_metrics_surrogate_key ................... [RUN]
[0m01:30:19  10 of 11 START test not_null_fct_crypto_metrics_symbol ......................... [RUN]
[0m01:30:19  8 of 11 PASS not_null_fct_crypto_metrics_rolling_6_period_avg_price ............ [[32mPASS[0m in 0.22s]
[0m01:30:19  7 of 11 PASS not_null_fct_crypto_metrics_price_usd ............................. [[32mPASS[0m in 0.27s]
[0m01:30:19  11 of 11 START test unique_fct_crypto_metrics_surrogate_key .................... [RUN]
[0m01:30:19  9 of 11 PASS not_null_fct_crypto_metrics_surrogate_key ......................... [[32mPASS[0m in 0.22s]
[0m01:30:19  10 of 11 PASS not_null_fct_crypto_metrics_symbol ............................... [[32mPASS[0m in 0.21s]
[0m01:30:19  11 of 11 PASS unique_fct_crypto_metrics_surrogate_key .......................... [[32mPASS[0m in 0.12s]
[0m01:30:20  
[0m01:30:20  Finished running 1 incremental model, 9 data tests, 1 view model in 0 hours 0 minutes and 2.07 seconds (2.07s).
[0m01:30:20  
[0m01:30:20  [32mCompleted successfully[0m
[0m01:30:20  
[0m01:30:20  Done. PASS=11 WARN=0 ERROR=0 SKIP=0 NO-OP=0 REUSED=0 TOTAL=11
[Wed 07 Oct 2026 12:30:26 AEDT] Pipeline completed successfully.
[Wed 07 Oct 2026 12:35:01 AEDT] Starting pipeline run
[Wed 07 Oct 2026 12:35:01 AEDT] Starting data ingestion
[2026-10-07T01:35:03.073066+00:00] Fetching ticker data...
{'XETHZUSD': {'a': ['2687.13000', '4', '4.000'], 'b': ['2687.12000', '8', '8.000'], 'c': ['2687.49000', '0.00773823'], 'v': ['692.09819544', '24714.24547552'], 'p': ['2692.47436', '2702.98849'], 't': [1739, 36942], 'l': ['2683.85000', '2683.07000'], 'h': ['2699.33000', '2724.02000'], 'o': '2697.15000'}, 'SOLUSD': {'a': ['119.96000', '127', '127.000'], 'b': ['119.95000', '1', '1.000'], 'c': ['119.96000', '0.91634469'], 'v': ['11570.01102445', '326015.87594801'], 'p': ['120.31093', '120.41536'], 't': [1760, 33585], 'l': ['119.88000', '118.89000'], 'h': ['120.69000', '121.97000'], 'o': '120.69000'}, 'XXBTZUSD': {'a': ['85276.00000', '1', '1.000'], 'b': ['85275.90000', '1', '1.000'], 'c': ['85277.30000', '0.00020000'], 'v': ['63.68389778', '2138.23323269'], 'p': ['85470.96878', '85845.80169'], 't': [5693, 102168], 'l': ['85230.20000', '85110.10000'], 'h': ['85588.90000', '86683.40000'], 'o': '85542.00000'}}
Ingested successful: Pipeline crypto_realtime load step finished in 0.08 seconds
1 load package(s) were loaded to destination postgres and into dataset raw_crypto
The postgres destination used postgresql://dbt_user:***@localhost:5432/dbt_practice location to store data
Load package 1791336908.680698 is LOADED and contains no failed jobs
[Wed 07 Oct 2026 12:35:14 AEDT] Starting data transformation
[0m01:35:16  Running with dbt=1.12.5
[0m01:35:17  Registered adapter: postgres=1.11.0
[0m01:35:18  Found 2 models, 9 data tests, 1 source, 479 macros
[0m01:35:18  
[0m01:35:18  Concurrency: 4 threads (target='prod')
[0m01:35:18  
[0m01:35:18  1 of 11 START sql view model raw_crypto.stg_crypto_prices ...................... [RUN]
[0m01:35:18  1 of 11 OK created sql view model raw_crypto.stg_crypto_prices ................. [[32mCREATE VIEW[0m in 0.19s]
[0m01:35:18  2 of 11 START sql incremental model raw_crypto.fct_crypto_metrics .............. [RUN]
[0m01:35:19  [[33mWARNING[0m]: Detected columns with numeric type and unspecified precision/scale, this can lead to unintended rounding: ['price_usd', 'rolling_6_period_avg_price', 'price_change_since_last_tick']`
[0m01:35:19  2 of 11 OK created sql incremental model raw_crypto.fct_crypto_metrics ......... [[32mINSERT 0 2[0m in 0.49s]
[0m01:35:19  3 of 11 START test not_null_fct_crypto_metrics_coin_id ......................... [RUN]
[0m01:35:19  6 of 11 START test not_null_fct_crypto_metrics_price_timestamp ................. [RUN]
[0m01:35:19  4 of 11 START test not_null_fct_crypto_metrics_coin_name ....................... [RUN]
[0m01:35:19  5 of 11 START test not_null_fct_crypto_metrics_price_change_since_last_tick .... [RUN]
[0m01:35:19  5 of 11 PASS not_null_fct_crypto_metrics_price_change_since_last_tick .......... [[32mPASS[0m in 0.42s]
[0m01:35:19  4 of 11 PASS not_null_fct_crypto_metrics_coin_name ............................. [[32mPASS[0m in 0.44s]
[0m01:35:19  7 of 11 START test not_null_fct_crypto_metrics_price_usd ....................... [RUN]
[0m01:35:19  8 of 11 START test not_null_fct_crypto_metrics_rolling_6_period_avg_price ...... [RUN]
[0m01:35:19  6 of 11 PASS not_null_fct_crypto_metrics_price_timestamp ....................... [[32mPASS[0m in 0.44s]
[0m01:35:19  3 of 11 PASS not_null_fct_crypto_metrics_coin_id ............................... [[32mPASS[0m in 0.49s]
[0m01:35:19  9 of 11 START test not_null_fct_crypto_metrics_surrogate_key ................... [RUN]
[0m01:35:19  10 of 11 START test not_null_fct_crypto_metrics_symbol ......................... [RUN]
[0m01:35:20  7 of 11 PASS not_null_fct_crypto_metrics_price_usd ............................. [[32mPASS[0m in 0.15s]
[0m01:35:20  11 of 11 START test unique_fct_crypto_metrics_surrogate_key .................... [RUN]
[0m01:35:20  10 of 11 PASS not_null_fct_crypto_metrics_symbol ............................... [[32mPASS[0m in 0.14s]
[0m01:35:20  8 of 11 PASS not_null_fct_crypto_metrics_rolling_6_period_avg_price ............ [[32mPASS[0m in 0.19s]
[0m01:35:20  9 of 11 PASS not_null_fct_crypto_metrics_surrogate_key ......................... [[32mPASS[0m in 0.18s]
[0m01:35:20  11 of 11 PASS unique_fct_crypto_metrics_surrogate_key .......................... [[32mPASS[0m in 0.09s]
[0m01:35:20  
[0m01:35:20  Finished running 1 incremental model, 9 data tests, 1 view model in 0 hours 0 minutes and 1.73 seconds (1.73s).
[0m01:35:20  
[0m01:35:20  [32mCompleted successfully[0m
[0m01:35:20  
[0m01:35:20  Done. PASS=11 WARN=0 ERROR=0 SKIP=0 NO-OP=0 REUSED=0 TOTAL=11
[Wed 07 Oct 2026 12:35:26 AEDT] Pipeline completed successfully.
[Wed 07 Oct 2026 12:40:01 AEDT] Starting pipeline run
[Wed 07 Oct 2026 12:40:01 AEDT] Starting data ingestion
[2026-10-07T01:40:02.981609+00:00] Fetching ticker data...
{'XETHZUSD': {'a': ['2685.79000', '5', '5.000'], 'b': ['2685.78000', '16', '16.000'], 'c': ['2685.79000', '0.12238153'], 'v': ['715.63535182', '24731.68879497'], 'p': ['2692.23594', '2702.96951'], 't': [1872, 37020], 'l': ['2683.85000', '2683.07000'], 'h': ['2699.33000', '2724.02000'], 'o': '2697.15000'}, 'SOLUSD': {'a': ['119.97000', '83', '83.000'], 'b': ['119.96000', '26', '26.000'], 'c': ['119.97000', '0.60910000'], 'v': ['12088.03257396', '325180.88907037'], 'p': ['120.29334', '120.41350'], 't': [1871, 33467], 'l': ['119.80000', '118.89000'], 'h': ['120.69000', '121.97000'], 'o': '120.69000'}, 'XXBTZUSD': {'a': ['85220.60000', '1', '1.000'], 'b': ['85220.50000', '1', '1.000'], 'c': ['85220.60000', '0.00280626'], 'v': ['69.21928808', '2139.31831363'], 'p': ['85450.86476', '85844.32620'], 't': [6113, 102195], 'l': ['85179.20000', '85110.10000'], 'h': ['85588.90000', '86683.40000'], 'o': '85542.00000'}}
Ingested successful: Pipeline crypto_realtime load step finished in 0.08 seconds
1 load package(s) were loaded to destination postgres and into dataset raw_crypto
The postgres destination used postgresql://dbt_user:***@localhost:5432/dbt_practice location to store data
Load package 1791337208.7395918 is LOADED and contains no failed jobs
[Wed 07 Oct 2026 12:40:14 AEDT] Starting data transformation
[0m01:40:17  Running with dbt=1.12.5
[0m01:40:18  Registered adapter: postgres=1.11.0
[0m01:40:19  Found 2 models, 9 data tests, 1 source, 479 macros
[0m01:40:19  
[0m01:40:19  Concurrency: 4 threads (target='prod')
[0m01:40:19  
[0m01:40:19  1 of 11 START sql view model raw_crypto.stg_crypto_prices ...................... [RUN]
[0m01:40:19  1 of 11 OK created sql view model raw_crypto.stg_crypto_prices ................. [[32mCREATE VIEW[0m in 0.19s]
[0m01:40:19  2 of 11 START sql incremental model raw_crypto.fct_crypto_metrics .............. [RUN]
[0m01:40:19  [[33mWARNING[0m]: Detected columns with numeric type and unspecified precision/scale, this can lead to unintended rounding: ['price_usd', 'rolling_6_period_avg_price', 'price_change_since_last_tick']`
[0m01:40:19  2 of 11 OK created sql incremental model raw_crypto.fct_crypto_metrics ......... [[32mINSERT 0 2[0m in 0.39s]
[0m01:40:20  3 of 11 START test not_null_fct_crypto_metrics_coin_id ......................... [RUN]
[0m01:40:20  5 of 11 START test not_null_fct_crypto_metrics_price_change_since_last_tick .... [RUN]
[0m01:40:20  6 of 11 START test not_null_fct_crypto_metrics_price_timestamp ................. [RUN]
[0m01:40:20  4 of 11 START test not_null_fct_crypto_metrics_coin_name ....................... [RUN]
[0m01:40:20  3 of 11 PASS not_null_fct_crypto_metrics_coin_id ............................... [[32mPASS[0m in 0.20s]
[0m01:40:20  4 of 11 PASS not_null_fct_crypto_metrics_coin_name ............................. [[32mPASS[0m in 0.19s]
[0m01:40:20  7 of 11 START test not_null_fct_crypto_metrics_price_usd ....................... [RUN]
[0m01:40:20  6 of 11 PASS not_null_fct_crypto_metrics_price_timestamp ....................... [[32mPASS[0m in 0.21s]
[0m01:40:20  5 of 11 PASS not_null_fct_crypto_metrics_price_change_since_last_tick .......... [[32mPASS[0m in 0.22s]
[0m01:40:20  8 of 11 START test not_null_fct_crypto_metrics_rolling_6_period_avg_price ...... [RUN]
[0m01:40:20  9 of 11 START test not_null_fct_crypto_metrics_surrogate_key ................... [RUN]
[0m01:40:20  10 of 11 START test not_null_fct_crypto_metrics_symbol ......................... [RUN]
[0m01:40:20  8 of 11 PASS not_null_fct_crypto_metrics_rolling_6_period_avg_price ............ [[32mPASS[0m in 0.12s]
[0m01:40:20  11 of 11 START test unique_fct_crypto_metrics_surrogate_key .................... [RUN]
[0m01:40:20  9 of 11 PASS not_null_fct_crypto_metrics_surrogate_key ......................... [[32mPASS[0m in 0.12s]
[0m01:40:20  10 of 11 PASS not_null_fct_crypto_metrics_symbol ............................... [[32mPASS[0m in 0.12s]
[0m01:40:20  7 of 11 PASS not_null_fct_crypto_metrics_price_usd ............................. [[32mPASS[0m in 0.20s]
[0m01:40:20  11 of 11 PASS unique_fct_crypto_metrics_surrogate_key .......................... [[32mPASS[0m in 0.07s]
[0m01:40:20  
[0m01:40:20  Finished running 1 incremental model, 9 data tests, 1 view model in 0 hours 0 minutes and 1.33 seconds (1.33s).
[0m01:40:20  
[0m01:40:20  [32mCompleted successfully[0m
[0m01:40:20  
[0m01:40:20  Done. PASS=11 WARN=0 ERROR=0 SKIP=0 NO-OP=0 REUSED=0 TOTAL=11
[Wed 07 Oct 2026 12:40:27 AEDT] Pipeline completed successfully.
[Wed 07 Oct 2026 12:45:01 AEDT] Starting pipeline run
[Wed 07 Oct 2026 12:45:01 AEDT] Starting data ingestion
[2026-10-07T01:45:02.271649+00:00] Fetching ticker data...
{'XETHZUSD': {'a': ['2688.44000', '5', '5.000'], 'b': ['2688.43000', '13', '13.000'], 'c': ['2688.35000', '0.01300000'], 'v': ['738.97360771', '24735.85556328'], 'p': ['2692.05432', '2702.94922'], 't': [1944, 37029], 'l': ['2683.85000', '2683.07000'], 'h': ['2699.33000', '2724.02000'], 'o': '2697.15000'}, 'SOLUSD': {'a': ['120.01000', '98', '98.000'], 'b': ['120.00000', '7', '7.000'], 'c': ['120.01000', '0.22437492'], 'v': ['12633.98000286', '325584.45741013'], 'p': ['120.28041', '120.41271'], 't': [1953, 33485], 'l': ['119.80000', '118.89000'], 'h': ['120.69000', '121.97000'], 'o': '120.69000'}, 'XXBTZUSD': {'a': ['85293.20000', '1', '1.000'], 'b': ['85293.10000', '3', '3.000'], 'c': ['85293.20000', '0.05653589'], 'v': ['70.28281549', '2129.83298384'], 'p': ['85448.05796', '85844.80738'], 't': [6357, 101929], 'l': ['85179.20000', '85110.10000'], 'h': ['85588.90000', '86683.40000'], 'o': '85542.00000'}}
Ingested successful: Pipeline crypto_realtime load step finished in 0.08 seconds
1 load package(s) were loaded to destination postgres and into dataset raw_crypto
The postgres destination used postgresql://dbt_user:***@localhost:5432/dbt_practice location to store data
Load package 1791337507.980516 is LOADED and contains no failed jobs
[Wed 07 Oct 2026 12:45:13 AEDT] Starting data transformation
[0m01:45:16  Running with dbt=1.12.5
[0m01:45:16  Registered adapter: postgres=1.11.0
[0m01:45:17  Found 2 models, 9 data tests, 1 source, 479 macros
[0m01:45:17  
[0m01:45:17  Concurrency: 4 threads (target='prod')
[0m01:45:17  
[0m01:45:17  1 of 11 START sql view model raw_crypto.stg_crypto_prices ...................... [RUN]
[0m01:45:18  1 of 11 OK created sql view model raw_crypto.stg_crypto_prices ................. [[32mCREATE VIEW[0m in 0.21s]
[0m01:45:18  2 of 11 START sql incremental model raw_crypto.fct_crypto_metrics .............. [RUN]
[0m01:45:18  [[33mWARNING[0m]: Detected columns with numeric type and unspecified precision/scale, this can lead to unintended rounding: ['price_usd', 'rolling_6_period_avg_price', 'price_change_since_last_tick']`
[0m01:45:18  2 of 11 OK created sql incremental model raw_crypto.fct_crypto_metrics ......... [[32mINSERT 0 2[0m in 0.52s]
[0m01:45:18  6 of 11 START test not_null_fct_crypto_metrics_price_timestamp ................. [RUN]
[0m01:45:18  4 of 11 START test not_null_fct_crypto_metrics_coin_name ....................... [RUN]
[0m01:45:18  3 of 11 START test not_null_fct_crypto_metrics_coin_id ......................... [RUN]
[0m01:45:18  5 of 11 START test not_null_fct_crypto_metrics_price_change_since_last_tick .... [RUN]
[0m01:45:19  5 of 11 PASS not_null_fct_crypto_metrics_price_change_since_last_tick .......... [[32mPASS[0m in 0.40s]
[0m01:45:19  7 of 11 START test not_null_fct_crypto_metrics_price_usd ....................... [RUN]
[0m01:45:19  4 of 11 PASS not_null_fct_crypto_metrics_coin_name ............................. [[32mPASS[0m in 0.47s]
[0m01:45:19  6 of 11 PASS not_null_fct_crypto_metrics_price_timestamp ....................... [[32mPASS[0m in 0.49s]
[0m01:45:19  8 of 11 START test not_null_fct_crypto_metrics_rolling_6_period_avg_price ...... [RUN]
[0m01:45:19  3 of 11 PASS not_null_fct_crypto_metrics_coin_id ............................... [[32mPASS[0m in 0.49s]
[0m01:45:19  9 of 11 START test not_null_fct_crypto_metrics_surrogate_key ................... [RUN]
[0m01:45:19  10 of 11 START test not_null_fct_crypto_metrics_symbol ......................... [RUN]
[0m01:45:19  7 of 11 PASS not_null_fct_crypto_metrics_price_usd ............................. [[32mPASS[0m in 0.17s]
[0m01:45:19  11 of 11 START test unique_fct_crypto_metrics_surrogate_key .................... [RUN]
[0m01:45:19  8 of 11 PASS not_null_fct_crypto_metrics_rolling_6_period_avg_price ............ [[32mPASS[0m in 0.20s]
[0m01:45:19  9 of 11 PASS not_null_fct_crypto_metrics_surrogate_key ......................... [[32mPASS[0m in 0.22s]
[0m01:45:19  10 of 11 PASS not_null_fct_crypto_metrics_symbol ............................... [[32mPASS[0m in 0.17s]
[0m01:45:19  11 of 11 PASS unique_fct_crypto_metrics_surrogate_key .......................... [[32mPASS[0m in 0.14s]
[0m01:45:19  
[0m01:45:19  Finished running 1 incremental model, 9 data tests, 1 view model in 0 hours 0 minutes and 1.84 seconds (1.84s).
[0m01:45:19  
[0m01:45:19  [32mCompleted successfully[0m
[0m01:45:19  
[0m01:45:19  Done. PASS=11 WARN=0 ERROR=0 SKIP=0 NO-OP=0 REUSED=0 TOTAL=11
[Wed 07 Oct 2026 12:45:26 AEDT] Pipeline completed successfully.
[Wed 07 Oct 2026 12:50:02 AEDT] Starting pipeline run
[Wed 07 Oct 2026 12:50:02 AEDT] Starting data ingestion
[2026-10-07T01:50:03.061921+00:00] Fetching ticker data...
{'XETHZUSD': {'a': ['2687.47000', '2', '2.000'], 'b': ['2687.46000', '1', '1.000'], 'c': ['2687.47000', '2.68626986'], 'v': ['775.68119938', '24765.67346870'], 'p': ['2691.86706', '2702.92562'], 't': [2062, 37080], 'l': ['2683.85000', '2683.07000'], 'h': ['2699.33000', '2724.02000'], 'o': '2697.15000'}, 'SOLUSD': {'a': ['119.95000', '84', '84.000'], 'b': ['119.94000', '43', '43.000'], 'c': ['119.95000', '0.80346734'], 'v': ['12686.23298933', '325510.93195377'], 'p': ['120.27909', '120.41257'], 't': [2003, 33482], 'l': ['119.80000', '118.89000'], 'h': ['120.69000', '121.97000'], 'o': '120.69000'}, 'XXBTZUSD': {'a': ['85301.60000', '1', '1.000'], 'b': ['85301.50000', '2', '2.000'], 'c': ['85301.60000', '0.00237221'], 'v': ['73.38643097', '2129.94405366'], 'p': ['85441.92321', '85844.26304'], 't': [6644, 101861], 'l': ['85179.20000', '85110.10000'], 'h': ['85588.90000', '86683.40000'], 'o': '85542.00000'}}
Ingested successful: Pipeline crypto_realtime load step finished in 0.07 seconds
1 load package(s) were loaded to destination postgres and into dataset raw_crypto
The postgres destination used postgresql://dbt_user:***@localhost:5432/dbt_practice location to store data
Load package 1791337808.7318742 is LOADED and contains no failed jobs
[Wed 07 Oct 2026 12:50:14 AEDT] Starting data transformation
[0m01:50:16  Running with dbt=1.12.5
[0m01:50:17  Registered adapter: postgres=1.11.0
[0m01:50:18  Found 2 models, 9 data tests, 1 source, 479 macros
[0m01:50:18  
[0m01:50:18  Concurrency: 4 threads (target='prod')
[0m01:50:18  
[0m01:50:18  1 of 11 START sql view model raw_crypto.stg_crypto_prices ...................... [RUN]
[0m01:50:18  1 of 11 OK created sql view model raw_crypto.stg_crypto_prices ................. [[32mCREATE VIEW[0m in 0.21s]
[0m01:50:18  2 of 11 START sql incremental model raw_crypto.fct_crypto_metrics .............. [RUN]
[0m01:50:19  [[33mWARNING[0m]: Detected columns with numeric type and unspecified precision/scale, this can lead to unintended rounding: ['price_usd', 'rolling_6_period_avg_price', 'price_change_since_last_tick']`
[0m01:50:19  2 of 11 OK created sql incremental model raw_crypto.fct_crypto_metrics ......... [[32mINSERT 0 2[0m in 0.44s]
[0m01:50:19  6 of 11 START test not_null_fct_crypto_metrics_price_timestamp ................. [RUN]
[0m01:50:19  5 of 11 START test not_null_fct_crypto_metrics_price_change_since_last_tick .... [RUN]
[0m01:50:19  3 of 11 START test not_null_fct_crypto_metrics_coin_id ......................... [RUN]
[0m01:50:19  4 of 11 START test not_null_fct_crypto_metrics_coin_name ....................... [RUN]
[0m01:50:19  3 of 11 PASS not_null_fct_crypto_metrics_coin_id ............................... [[32mPASS[0m in 0.33s]
[0m01:50:19  6 of 11 PASS not_null_fct_crypto_metrics_price_timestamp ....................... [[32mPASS[0m in 0.35s]
[0m01:50:19  4 of 11 PASS not_null_fct_crypto_metrics_coin_name ............................. [[32mPASS[0m in 0.35s]
[0m01:50:19  8 of 11 START test not_null_fct_crypto_metrics_rolling_6_period_avg_price ...... [RUN]
[0m01:50:19  7 of 11 START test not_null_fct_crypto_metrics_price_usd ....................... [RUN]
[0m01:50:19  5 of 11 PASS not_null_fct_crypto_metrics_price_change_since_last_tick .......... [[32mPASS[0m in 0.35s]
[0m01:50:19  9 of 11 START test not_null_fct_crypto_metrics_surrogate_key ................... [RUN]
[0m01:50:19  10 of 11 START test not_null_fct_crypto_metrics_symbol ......................... [RUN]
[0m01:50:19  7 of 11 PASS not_null_fct_crypto_metrics_price_usd ............................. [[32mPASS[0m in 0.15s]
[0m01:50:19  11 of 11 START test unique_fct_crypto_metrics_surrogate_key .................... [RUN]
[0m01:50:19  9 of 11 PASS not_null_fct_crypto_metrics_surrogate_key ......................... [[32mPASS[0m in 0.18s]
[0m01:50:19  8 of 11 PASS not_null_fct_crypto_metrics_rolling_6_period_avg_price ............ [[32mPASS[0m in 0.19s]
[0m01:50:19  10 of 11 PASS not_null_fct_crypto_metrics_symbol ............................... [[32mPASS[0m in 0.15s]
[0m01:50:19  11 of 11 PASS unique_fct_crypto_metrics_surrogate_key .......................... [[32mPASS[0m in 0.07s]
[0m01:50:19  
[0m01:50:19  Finished running 1 incremental model, 9 data tests, 1 view model in 0 hours 0 minutes and 1.52 seconds (1.52s).
[0m01:50:20  
[0m01:50:20  [32mCompleted successfully[0m
[0m01:50:20  
[0m01:50:20  Done. PASS=11 WARN=0 ERROR=0 SKIP=0 NO-OP=0 REUSED=0 TOTAL=11
[Wed 07 Oct 2026 12:50:26 AEDT] Pipeline completed successfully.
[Wed 07 Oct 2026 12:55:01 AEDT] Starting pipeline run
[Wed 07 Oct 2026 12:55:01 AEDT] Starting data ingestion
[2026-10-07T01:55:02.769615+00:00] Fetching ticker data...
{'XETHZUSD': {'a': ['2679.82000', '6', '6.000'], 'b': ['2679.81000', '3', '3.000'], 'c': ['2679.82000', '0.00245611'], 'v': ['917.87423899', '24800.04068463'], 'p': ['2690.32444', '2702.78324'], 't': [2240, 37176], 'l': ['2679.82000', '2679.82000'], 'h': ['2699.33000', '2724.02000'], 'o': '2697.15000'}, 'SOLUSD': {'a': ['119.64000', '102', '102.000'], 'b': ['119.63000', '14', '14.000'], 'c': ['119.64000', '0.06470141'], 'v': ['13049.54759560', '325736.51078220'], 'p': ['120.26694', '120.41187'], 't': [2112, 33520], 'l': ['119.64000', '118.89000'], 'h': ['120.69000', '121.97000'], 'o': '120.69000'}, 'XXBTZUSD': {'a': ['85042.20000', '2', '2.000'], 'b': ['85042.10000', '1', '1.000'], 'c': ['85043.10000', '0.00008077'], 'v': ['97.75643419', '2146.39360211'], 'p': ['85366.42366', '85837.03093'], 't': [7323, 102159], 'l': ['85043.10000', '85043.10000'], 'h': ['85588.90000', '86683.40000'], 'o': '85542.00000'}}
Ingested successful: Pipeline crypto_realtime load step finished in 0.07 seconds
1 load package(s) were loaded to destination postgres and into dataset raw_crypto
The postgres destination used postgresql://dbt_user:***@localhost:5432/dbt_practice location to store data
Load package 1791338103.3481672 is LOADED and contains no failed jobs
[Wed 07 Oct 2026 12:55:09 AEDT] Starting data transformation
[0m01:55:12  Running with dbt=1.12.5
[0m01:55:13  Registered adapter: postgres=1.11.0
[0m01:55:13  Found 2 models, 9 data tests, 1 source, 479 macros
[0m01:55:13  
[0m01:55:13  Concurrency: 4 threads (target='prod')
[0m01:55:13  
[0m01:55:14  1 of 11 START sql view model raw_crypto.stg_crypto_prices ...................... [RUN]
[0m01:55:14  1 of 11 OK created sql view model raw_crypto.stg_crypto_prices ................. [[32mCREATE VIEW[0m in 0.34s]
[0m01:55:14  2 of 11 START sql incremental model raw_crypto.fct_crypto_metrics .............. [RUN]
[0m01:55:14  [[33mWARNING[0m]: Detected columns with numeric type and unspecified precision/scale, this can lead to unintended rounding: ['price_usd', 'rolling_6_period_avg_price', 'price_change_since_last_tick']`
[0m01:55:14  2 of 11 OK created sql incremental model raw_crypto.fct_crypto_metrics ......... [[32mINSERT 0 2[0m in 0.45s]
[0m01:55:14  6 of 11 START test not_null_fct_crypto_metrics_price_timestamp ................. [RUN]
[0m01:55:14  5 of 11 START test not_null_fct_crypto_metrics_price_change_since_last_tick .... [RUN]
[0m01:55:14  3 of 11 START test not_null_fct_crypto_metrics_coin_id ......................... [RUN]
[0m01:55:14  4 of 11 START test not_null_fct_crypto_metrics_coin_name ....................... [RUN]
[0m01:55:15  6 of 11 PASS not_null_fct_crypto_metrics_price_timestamp ....................... [[32mPASS[0m in 0.28s]
[0m01:55:15  7 of 11 START test not_null_fct_crypto_metrics_price_usd ....................... [RUN]
[0m01:55:15  3 of 11 PASS not_null_fct_crypto_metrics_coin_id ............................... [[32mPASS[0m in 0.29s]
[0m01:55:15  5 of 11 PASS not_null_fct_crypto_metrics_price_change_since_last_tick .......... [[32mPASS[0m in 0.30s]
[0m01:55:15  4 of 11 PASS not_null_fct_crypto_metrics_coin_name ............................. [[32mPASS[0m in 0.30s]
[0m01:55:15  8 of 11 START test not_null_fct_crypto_metrics_rolling_6_period_avg_price ...... [RUN]
[0m01:55:15  9 of 11 START test not_null_fct_crypto_metrics_surrogate_key ................... [RUN]
[0m01:55:15  10 of 11 START test not_null_fct_crypto_metrics_symbol ......................... [RUN]
[0m01:55:15  7 of 11 PASS not_null_fct_crypto_metrics_price_usd ............................. [[32mPASS[0m in 0.10s]
[0m01:55:15  11 of 11 START test unique_fct_crypto_metrics_surrogate_key .................... [RUN]
[0m01:55:15  9 of 11 PASS not_null_fct_crypto_metrics_surrogate_key ......................... [[32mPASS[0m in 0.12s]
[0m01:55:15  8 of 11 PASS not_null_fct_crypto_metrics_rolling_6_period_avg_price ............ [[32mPASS[0m in 0.13s]
[0m01:55:15  10 of 11 PASS not_null_fct_crypto_metrics_symbol ............................... [[32mPASS[0m in 0.16s]
[0m01:55:15  11 of 11 PASS unique_fct_crypto_metrics_surrogate_key .......................... [[32mPASS[0m in 0.10s]
[0m01:55:15  
[0m01:55:15  Finished running 1 incremental model, 9 data tests, 1 view model in 0 hours 0 minutes and 1.63 seconds (1.63s).
[0m01:55:15  
[0m01:55:15  [32mCompleted successfully[0m
[0m01:55:15  
[0m01:55:15  Done. PASS=11 WARN=0 ERROR=0 SKIP=0 NO-OP=0 REUSED=0 TOTAL=11
[Wed 07 Oct 2026 12:55:22 AEDT] Pipeline completed successfully.
[Wed 07 Oct 2026 13:00:01 AEDT] Starting pipeline run
[Wed 07 Oct 2026 13:00:01 AEDT] Starting data ingestion
[2026-10-07T02:00:02.427986+00:00] Fetching ticker data...
{'XETHZUSD': {'a': ['2655.61000', '1', '1.000'], 'b': ['2654.66000', '1', '1.000'], 'c': ['2655.10000', '2.32582700'], 'v': ['1737.64140329', '25614.81639101'], 'p': ['2680.08691', '2701.68913'], 't': [3368, 38244], 'l': ['2654.55000', '2654.55000'], 'h': ['2699.33000', '2724.02000'], 'o': '2697.15000'}, 'SOLUSD': {'a': ['118.92000', '6', '6.000'], 'b': ['118.90000', '6', '6.000'], 'c': ['118.88000', '0.05076061'], 'v': ['16477.48893247', '328991.77393103'], 'p': ['120.05672', '120.39973'], 't': [2488, 33814], 'l': ['118.88000', '118.88000'], 'h': ['120.69000', '121.97000'], 'o': '120.69000'}, 'XXBTZUSD': {'a': ['84357.60000', '2', '2.000'], 'b': ['84357.50000', '1', '1.000'], 'c': ['84357.60000', '0.00118543'], 'v': ['259.85846500', '2305.29248452'], 'p': ['85022.01478', '85765.40557'], 't': [9735, 104317], 'l': ['84351.90000', '84351.90000'], 'h': ['85588.90000', '86683.40000'], 'o': '85542.00000'}}
Ingested successful: Pipeline crypto_realtime load step finished in 0.11 seconds
1 load package(s) were loaded to destination postgres and into dataset raw_crypto
The postgres destination used postgresql://dbt_user:***@localhost:5432/dbt_practice location to store data
Load package 1791338408.0953858 is LOADED and contains no failed jobs
[Wed 07 Oct 2026 13:00:13 AEDT] Starting data transformation
[0m02:00:16  Running with dbt=1.12.5
[0m02:00:17  Registered adapter: postgres=1.11.0
[0m02:00:18  Found 2 models, 9 data tests, 1 source, 479 macros
[0m02:00:18  
[0m02:00:18  Concurrency: 4 threads (target='prod')
[0m02:00:18  
[0m02:00:18  1 of 11 START sql view model raw_crypto.stg_crypto_prices ...................... [RUN]
[0m02:00:18  1 of 11 OK created sql view model raw_crypto.stg_crypto_prices ................. [[32mCREATE VIEW[0m in 0.17s]
[0m02:00:18  2 of 11 START sql incremental model raw_crypto.fct_crypto_metrics .............. [RUN]
[0m02:00:18  [[33mWARNING[0m]: Detected columns with numeric type and unspecified precision/scale, this can lead to unintended rounding: ['price_usd', 'rolling_6_period_avg_price', 'price_change_since_last_tick']`
[0m02:00:19  2 of 11 OK created sql incremental model raw_crypto.fct_crypto_metrics ......... [[32mINSERT 0 2[0m in 0.45s]
[0m02:00:19  6 of 11 START test not_null_fct_crypto_metrics_price_timestamp ................. [RUN]
[0m02:00:19  4 of 11 START test not_null_fct_crypto_metrics_coin_name ....................... [RUN]
[0m02:00:19  5 of 11 START test not_null_fct_crypto_metrics_price_change_since_last_tick .... [RUN]
[0m02:00:19  3 of 11 START test not_null_fct_crypto_metrics_coin_id ......................... [RUN]
[0m02:00:19  4 of 11 PASS not_null_fct_crypto_metrics_coin_name ............................. [[32mPASS[0m in 0.30s]
[0m02:00:19  6 of 11 PASS not_null_fct_crypto_metrics_price_timestamp ....................... [[32mPASS[0m in 0.30s]
[0m02:00:19  5 of 11 PASS not_null_fct_crypto_metrics_price_change_since_last_tick .......... [[32mPASS[0m in 0.30s]
[0m02:00:19  3 of 11 PASS not_null_fct_crypto_metrics_coin_id ............................... [[32mPASS[0m in 0.31s]
[0m02:00:19  7 of 11 START test not_null_fct_crypto_metrics_price_usd ....................... [RUN]
[0m02:00:19  8 of 11 START test not_null_fct_crypto_metrics_rolling_6_period_avg_price ...... [RUN]
[0m02:00:19  9 of 11 START test not_null_fct_crypto_metrics_surrogate_key ................... [RUN]
[0m02:00:19  10 of 11 START test not_null_fct_crypto_metrics_symbol ......................... [RUN]
[0m02:00:19  7 of 11 PASS not_null_fct_crypto_metrics_price_usd ............................. [[32mPASS[0m in 0.10s]
[0m02:00:19  11 of 11 START test unique_fct_crypto_metrics_surrogate_key .................... [RUN]
[0m02:00:19  8 of 11 PASS not_null_fct_crypto_metrics_rolling_6_period_avg_price ............ [[32mPASS[0m in 0.12s]
[0m02:00:19  9 of 11 PASS not_null_fct_crypto_metrics_surrogate_key ......................... [[32mPASS[0m in 0.13s]
[0m02:00:19  10 of 11 PASS not_null_fct_crypto_metrics_symbol ............................... [[32mPASS[0m in 0.14s]
[0m02:00:19  11 of 11 PASS unique_fct_crypto_metrics_surrogate_key .......................... [[32mPASS[0m in 0.08s]
[0m02:00:19  
[0m02:00:19  Finished running 1 incremental model, 9 data tests, 1 view model in 0 hours 0 minutes and 1.44 seconds (1.44s).
[0m02:00:19  
[0m02:00:19  [32mCompleted successfully[0m
[0m02:00:19  
[0m02:00:19  Done. PASS=11 WARN=0 ERROR=0 SKIP=0 NO-OP=0 REUSED=0 TOTAL=11
[Wed 07 Oct 2026 13:00:21 AEDT] Pipeline completed successfully.
[Wed 07 Oct 2026 13:05:01 AEDT] Starting pipeline run
[Wed 07 Oct 2026 13:05:01 AEDT] Starting data ingestion
[2026-10-07T02:05:02.642000+00:00] Fetching ticker data...
{'XETHZUSD': {'a': ['2612.74000', '2', '2.000'], 'b': ['2612.73000', '1', '1.000'], 'c': ['2614.30000', '0.09562789'], 'v': ['6596.44858912', '30453.21333118'], 'p': ['2638.47767', '2689.22683'], 't': [7075, 41853], 'l': ['2590.00000', '2590.00000'], 'h': ['2699.33000', '2724.02000'], 'o': '2697.15000'}, 'SOLUSD': {'a': ['117.49000', '20', '20.000'], 'b': ['117.42000', '6', '6.000'], 'c': ['117.52000', '0.43488178'], 'v': ['52622.36016377', '360797.59244788'], 'p': ['118.62895', '120.15608'], 't': [4223, 35369], 'l': ['117.18000', '117.18000'], 'h': ['120.69000', '121.97000'], 'o': '120.69000'}, 'XXBTZUSD': {'a': ['83782.90000', '1', '1.000'], 'b': ['83782.80000', '1', '1.000'], 'c': ['83782.80000', '0.00081884'], 'v': ['464.59100751', '2508.74542629'], 'p': ['84573.00764', '85621.68197'], 't': [12954, 107164], 'l': ['83555.00000', '83555.00000'], 'h': ['85588.90000', '86683.40000'], 'o': '85542.00000'}}
Ingested successful: Pipeline crypto_realtime load step finished in 0.09 seconds
1 load package(s) were loaded to destination postgres and into dataset raw_crypto
The postgres destination used postgresql://dbt_user:***@localhost:5432/dbt_practice location to store data
Load package 1791338708.3337414 is LOADED and contains no failed jobs
[Wed 07 Oct 2026 13:05:09 AEDT] Starting data transformation
[0m02:05:12  Running with dbt=1.12.5
[0m02:05:12  Registered adapter: postgres=1.11.0
[0m02:05:13  Found 2 models, 9 data tests, 1 source, 479 macros
[0m02:05:14  
[0m02:05:14  Concurrency: 4 threads (target='prod')
[0m02:05:14  
[0m02:05:14  1 of 11 START sql view model raw_crypto.stg_crypto_prices ...................... [RUN]
[0m02:05:14  1 of 11 OK created sql view model raw_crypto.stg_crypto_prices ................. [[32mCREATE VIEW[0m in 0.26s]
[0m02:05:14  2 of 11 START sql incremental model raw_crypto.fct_crypto_metrics .............. [RUN]
[0m02:05:15  [[33mWARNING[0m]: Detected columns with numeric type and unspecified precision/scale, this can lead to unintended rounding: ['price_usd', 'rolling_6_period_avg_price', 'price_change_since_last_tick']`
[0m02:05:15  2 of 11 OK created sql incremental model raw_crypto.fct_crypto_metrics ......... [[32mINSERT 0 2[0m in 0.62s]
[0m02:05:15  6 of 11 START test not_null_fct_crypto_metrics_price_timestamp ................. [RUN]
[0m02:05:15  3 of 11 START test not_null_fct_crypto_metrics_coin_id ......................... [RUN]
[0m02:05:15  5 of 11 START test not_null_fct_crypto_metrics_price_change_since_last_tick .... [RUN]
[0m02:05:15  4 of 11 START test not_null_fct_crypto_metrics_coin_name ....................... [RUN]
[0m02:05:15  4 of 11 PASS not_null_fct_crypto_metrics_coin_name ............................. [[32mPASS[0m in 0.21s]
[0m02:05:15  6 of 11 PASS not_null_fct_crypto_metrics_price_timestamp ....................... [[32mPASS[0m in 0.24s]
[0m02:05:15  7 of 11 START test not_null_fct_crypto_metrics_price_usd ....................... [RUN]
[0m02:05:15  8 of 11 START test not_null_fct_crypto_metrics_rolling_6_period_avg_price ...... [RUN]
[0m02:05:15  5 of 11 PASS not_null_fct_crypto_metrics_price_change_since_last_tick .......... [[32mPASS[0m in 0.25s]
[0m02:05:15  3 of 11 PASS not_null_fct_crypto_metrics_coin_id ............................... [[32mPASS[0m in 0.27s]
[0m02:05:15  9 of 11 START test not_null_fct_crypto_metrics_surrogate_key ................... [RUN]
[0m02:05:15  10 of 11 START test not_null_fct_crypto_metrics_symbol ......................... [RUN]
[0m02:05:15  8 of 11 PASS not_null_fct_crypto_metrics_rolling_6_period_avg_price ............ [[32mPASS[0m in 0.20s]
[0m02:05:15  11 of 11 START test unique_fct_crypto_metrics_surrogate_key .................... [RUN]
[0m02:05:15  7 of 11 PASS not_null_fct_crypto_metrics_price_usd ............................. [[32mPASS[0m in 0.22s]
[0m02:05:15  10 of 11 PASS not_null_fct_crypto_metrics_symbol ............................... [[32mPASS[0m in 0.21s]
[0m02:05:15  9 of 11 PASS not_null_fct_crypto_metrics_surrogate_key ......................... [[32mPASS[0m in 0.23s]
[0m02:05:15  11 of 11 PASS unique_fct_crypto_metrics_surrogate_key .......................... [[32mPASS[0m in 0.09s]
[0m02:05:16  
[0m02:05:16  Finished running 1 incremental model, 9 data tests, 1 view model in 0 hours 0 minutes and 2.04 seconds (2.04s).
[0m02:05:16  
[0m02:05:16  [32mCompleted successfully[0m
[0m02:05:16  
[0m02:05:16  Done. PASS=11 WARN=0 ERROR=0 SKIP=0 NO-OP=0 REUSED=0 TOTAL=11
[Wed 07 Oct 2026 13:05:22 AEDT] Pipeline completed successfully.
[Wed 07 Oct 2026 13:10:01 AEDT] Starting pipeline run
[Wed 07 Oct 2026 13:10:01 AEDT] Starting data ingestion
[2026-10-07T02:10:03.039645+00:00] Fetching ticker data...
{'XETHZUSD': {'a': ['2613.47000', '1', '1.000'], 'b': ['2612.84000', '1', '1.000'], 'c': ['2613.63000', '0.41340000'], 'v': ['8936.72552729', '32737.40204769'], 'p': ['2630.41272', '2683.37254'], 't': [9462, 44142], 'l': ['2590.00000', '2590.00000'], 'h': ['2699.33000', '2724.02000'], 'o': '2697.15000'}, 'SOLUSD': {'a': ['117.87000', '68', '68.000'], 'b': ['117.85000', '47', '47.000'], 'c': ['117.85000', '1.98678000'], 'v': ['57483.87619647', '365390.11085524'], 'p': ['118.52856', '120.11974'], 't': [4575, 35617], 'l': ['117.01000', '117.01000'], 'h': ['120.69000', '121.97000'], 'o': '120.69000'}, 'XXBTZUSD': {'a': ['83954.60000', '1', '1.000'], 'b': ['83954.50000', '1', '1.000'], 'c': ['83954.60000', '0.00023822'], 'v': ['503.99175048', '2542.56621901'], 'p': ['84514.32096', '85593.96334'], 't': [14316, 108201], 'l': ['83555.00000', '83555.00000'], 'h': ['85588.90000', '86683.40000'], 'o': '85542.00000'}}
Ingested successful: Pipeline crypto_realtime load step finished in 0.12 seconds
1 load package(s) were loaded to destination postgres and into dataset raw_crypto
The postgres destination used postgresql://dbt_user:***@localhost:5432/dbt_practice location to store data
Load package 1791339008.6867366 is LOADED and contains no failed jobs
[Wed 07 Oct 2026 13:10:15 AEDT] Starting data transformation
[0m02:10:17  Running with dbt=1.12.5
[0m02:10:18  Registered adapter: postgres=1.11.0
[0m02:10:19  [[31mERROR[0m]: Encountered an error:
Snapshots must be configured with a 'strategy' and 'unique_key'.
[Wed 07 Oct 2026 13:15:01 AEDT] Starting pipeline run
[Wed 07 Oct 2026 13:15:01 AEDT] Starting data ingestion
[2026-10-07T02:15:02.878700+00:00] Fetching ticker data...
{'XETHZUSD': {'a': ['2611.12000', '1', '1.000'], 'b': ['2610.65000', '1', '1.000'], 'c': ['2611.14000', '0.02012806'], 'v': ['11276.73693471', '34802.20512859'], 'p': ['2628.33150', '2678.97636'], 't': [10482, 45042], 'l': ['2590.00000', '2590.00000'], 'h': ['2699.33000', '2724.02000'], 'o': '2697.15000'}, 'SOLUSD': {'a': ['117.60000', '86', '86.000'], 'b': ['117.59000', '1', '1.000'], 'c': ['117.59000', '0.57873600'], 'v': ['58957.68505890', '365760.98823090'], 'p': ['118.51002', '120.10935'], 't': [4748, 35713], 'l': ['117.01000', '117.01000'], 'h': ['120.69000', '121.97000'], 'o': '120.69000'}, 'XXBTZUSD': {'a': ['83910.90000', '2', '2.000'], 'b': ['83910.80000', '1', '1.000'], 'c': ['83910.90000', '0.00047661'], 'v': ['524.97194744', '2560.43003587'], 'p': ['84492.61777', '85580.79266'], 't': [15123, 108752], 'l': ['83555.00000', '83555.00000'], 'h': ['85588.90000', '86683.40000'], 'o': '85542.00000'}}
Ingested successful: Pipeline crypto_realtime load step finished in 0.07 seconds
1 load package(s) were loaded to destination postgres and into dataset raw_crypto
The postgres destination used postgresql://dbt_user:***@localhost:5432/dbt_practice location to store data
Load package 1791339303.6829448 is LOADED and contains no failed jobs
[Wed 07 Oct 2026 13:15:04 AEDT] Starting data transformation
[0m02:15:07  Running with dbt=1.12.5
[0m02:15:07  Registered adapter: postgres=1.11.0
[0m02:15:08  [[31mERROR[0m]: Encountered an error:
Snapshots must be configured with a 'strategy' and 'unique_key'.
[Wed 07 Oct 2026 13:20:01 AEDT] Starting pipeline run
[Wed 07 Oct 2026 13:20:01 AEDT] Starting data ingestion
[2026-10-07T02:20:02.152875+00:00] Fetching ticker data...
{'XETHZUSD': {'a': ['2620.94000', '2', '2.000'], 'b': ['2620.93000', '1', '1.000'], 'c': ['2620.79000', '0.09539108'], 'v': ['11422.07157170', '34927.92177757'], 'p': ['2628.14131', '2678.68945'], 't': [10812, 45300], 'l': ['2590.00000', '2590.00000'], 'h': ['2699.33000', '2724.02000'], 'o': '2697.15000'}, 'SOLUSD': {'a': ['118.15000', '1', '1.000'], 'b': ['118.14000', '113', '113.000'], 'c': ['118.12000', '2.20280699'], 'v': ['62486.61853128', '368895.16590870'], 'p': ['118.46907', '120.08674'], 't': [4913, 35801], 'l': ['117.01000', '117.01000'], 'h': ['120.69000', '121.97000'], 'o': '120.69000'}, 'XXBTZUSD': {'a': ['84075.60000', '1', '1.000'], 'b': ['84075.50000', '1', '1.000'], 'c': ['84073.70000', '0.00020000'], 'v': ['536.60568039', '2569.41309794'], 'p': ['84480.99170', '85573.53272'], 't': [15863, 109232], 'l': ['83555.00000', '83555.00000'], 'h': ['85588.90000', '86683.40000'], 'o': '85542.00000'}}
Ingested successful: Pipeline crypto_realtime load step finished in 0.09 seconds
1 load package(s) were loaded to destination postgres and into dataset raw_crypto
The postgres destination used postgresql://dbt_user:***@localhost:5432/dbt_practice location to store data
Load package 1791339607.7265406 is LOADED and contains no failed jobs
[Wed 07 Oct 2026 13:20:13 AEDT] Starting data transformation
[0m02:20:15  Running with dbt=1.12.5
[0m02:20:16  Registered adapter: postgres=1.11.0
[0m02:20:16  [[31mERROR[0m]: Encountered an error:
Snapshots must be configured with a 'strategy' and 'unique_key'.
[Wed 07 Oct 2026 13:25:01 AEDT] Starting pipeline run
[Wed 07 Oct 2026 13:25:01 AEDT] Starting data ingestion
[2026-10-07T02:25:02.420726+00:00] Fetching ticker data...
{'XETHZUSD': {'a': ['2609.32000', '3', '3.000'], 'b': ['2609.10000', '2', '2.000'], 'c': ['2609.31000', '0.09581076'], 'v': ['11767.68075247', '35260.43799844'], 'p': ['2627.76523', '2678.05735'], 't': [11275, 45712], 'l': ['2590.00000', '2590.00000'], 'h': ['2699.33000', '2724.02000'], 'o': '2697.15000'}, 'SOLUSD': {'a': ['117.62000', '86', '86.000'], 'b': ['117.61000', '6', '6.000'], 'c': ['117.70000', '0.84983428'], 'v': ['64013.79568160', '370309.70731333'], 'p': ['118.45493', '120.07747'], 't': [5044, 35868], 'l': ['117.01000', '117.01000'], 'h': ['120.69000', '121.97000'], 'o': '120.69000'}, 'XXBTZUSD': {'a': ['83821.10000', '2', '2.000'], 'b': ['83821.00000', '1', '1.000'], 'c': ['83821.10000', '0.00005820'], 'v': ['557.00908314', '2587.84285072'], 'p': ['84458.82804', '85560.11945'], 't': [16572, 109626], 'l': ['83555.00000', '83555.00000'], 'h': ['85588.90000', '86683.40000'], 'o': '85542.00000'}}
Ingested successful: Pipeline crypto_realtime load step finished in 0.09 seconds
1 load package(s) were loaded to destination postgres and into dataset raw_crypto
The postgres destination used postgresql://dbt_user:***@localhost:5432/dbt_practice location to store data
Load package 1791339908.1176803 is LOADED and contains no failed jobs
[Wed 07 Oct 2026 13:25:09 AEDT] Starting data transformation
[0m02:25:11  Running with dbt=1.12.5
[0m02:25:12  Registered adapter: postgres=1.11.0
[0m02:25:12  [[31mERROR[0m]: Encountered an error:
Snapshots must be configured with a 'strategy' and 'unique_key'.
[Wed 07 Oct 2026 13:50:01 AEDT] Starting pipeline run
[Wed 07 Oct 2026 13:50:01 AEDT] Starting data ingestion
[2026-10-07T02:50:03.113263+00:00] Fetching ticker data...
{'XETHZUSD': {'a': ['2614.22000', '4', '4.000'], 'b': ['2614.21000', '9', '9.000'], 'c': ['2614.22000', '0.03237518'], 'v': ['12493.05412155', '35909.35830325'], 'p': ['2626.94963', '2676.70078'], 't': [12462, 46572], 'l': ['2590.00000', '2590.00000'], 'h': ['2699.33000', '2724.02000'], 'o': '2697.15000'}, 'SOLUSD': {'a': ['118.36000', '85', '85.000'], 'b': ['118.35000', '116', '116.000'], 'c': ['118.35000', '0.07251042'], 'v': ['80105.97232953', '384513.55615389'], 'p': ['118.38537', '119.99308'], 't': [6190, 36695], 'l': ['117.01000', '117.01000'], 'h': ['120.69000', '121.97000'], 'o': '120.69000'}, 'XXBTZUSD': {'a': ['83862.70000', '1', '1.000'], 'b': ['83862.60000', '1', '1.000'], 'c': ['83862.70000', '0.00077633'], 'v': ['672.34913973', '2693.64306356'], 'p': ['84348.25131', '85485.21775'], 't': [20429, 111950], 'l': ['83555.00000', '83555.00000'], 'h': ['85588.90000', '86683.40000'], 'o': '85542.00000'}}
Ingested successful: Pipeline crypto_realtime load step finished in 0.14 seconds
1 load package(s) were loaded to destination postgres and into dataset raw_crypto
The postgres destination used postgresql://dbt_user:***@localhost:5432/dbt_practice location to store data
Load package 1791341404.3620124 is LOADED and contains no failed jobs
[Wed 07 Oct 2026 13:50:09 AEDT] Starting data transformation
[0m02:50:12  Running with dbt=1.12.5
[0m02:50:13  Registered adapter: postgres=1.11.0
[0m02:50:14  [[31mERROR[0m]: Encountered an error:
Snapshots must be configured with a 'strategy' and 'unique_key'.
[Wed 07 Oct 2026 13:55:01 AEDT] Starting pipeline run
[Wed 07 Oct 2026 13:55:01 AEDT] Starting data ingestion
[2026-10-07T02:55:02.152093+00:00] Fetching ticker data...
{'XETHZUSD': {'a': ['2612.80000', '5', '5.000'], 'b': ['2612.79000', '5', '5.000'], 'c': ['2612.80000', '0.03608582'], 'v': ['12653.19935502', '36065.12593253'], 'p': ['2626.77853', '2676.41675'], 't': [12606, 46684], 'l': ['2590.00000', '2590.00000'], 'h': ['2699.33000', '2724.02000'], 'o': '2697.15000'}, 'SOLUSD': {'a': ['118.27000', '92', '92.000'], 'b': ['118.26000', '6', '6.000'], 'c': ['118.32000', '4.06660000'], 'v': ['80623.68248516', '384386.11965505'], 'p': ['118.38495', '119.99033'], 't': [6270, 36710], 'l': ['117.01000', '117.01000'], 'h': ['120.69000', '121.97000'], 'o': '120.69000'}, 'XXBTZUSD': {'a': ['83837.80000', '2', '2.000'], 'b': ['83837.70000', '1', '1.000'], 'c': ['83837.70000', '0.09811795'], 'v': ['679.22280188', '2700.09209327'], 'p': ['84342.99527', '85480.99170'], 't': [20866, 112244], 'l': ['83555.00000', '83555.00000'], 'h': ['85588.90000', '86683.40000'], 'o': '85542.00000'}}
Ingested successful: Pipeline crypto_realtime load step finished in 0.08 seconds
1 load package(s) were loaded to destination postgres and into dataset raw_crypto
The postgres destination used postgresql://dbt_user:***@localhost:5432/dbt_practice location to store data
Load package 1791341707.884906 is LOADED and contains no failed jobs
[Wed 07 Oct 2026 13:55:13 AEDT] Starting data transformation
[0m02:55:16  Running with dbt=1.12.5
[0m02:55:16  Registered adapter: postgres=1.11.0
[0m02:55:17  [[31mERROR[0m]: Encountered an error:
Compilation Error in snapshot snap_pricing_history (snapshots/snap_pricing_history.sql)
  invalid syntax for function call expression
    line 3
      config(
[Wed 07 Oct 2026 14:00:01 AEDT] Starting pipeline run
[Wed 07 Oct 2026 14:00:01 AEDT] Starting data ingestion
[2026-10-07T03:00:02.953227+00:00] Fetching ticker data...
{'XETHZUSD': {'a': ['2612.09000', '7', '7.000'], 'b': ['2612.08000', '6', '6.000'], 'c': ['2612.40000', '0.00704488'], 'v': ['12863.47995798', '36257.79310941'], 'p': ['2626.53178', '2676.02904'], 't': [12787, 46819], 'l': ['2590.00000', '2590.00000'], 'h': ['2699.33000', '2724.02000'], 'o': '2697.15000'}, 'SOLUSD': {'a': ['118.30000', '113', '113.000'], 'b': ['118.29000', '99', '99.000'], 'c': ['118.34000', '7.35440256'], 'v': ['80925.70746950', '383770.19563535'], 'p': ['118.38453', '119.98844'], 't': [6350, 36684], 'l': ['117.01000', '117.01000'], 'h': ['120.69000', '121.97000'], 'o': '120.69000'}, 'XXBTZUSD': {'a': ['83876.00000', '1', '1.000'], 'b': ['83875.90000', '1', '1.000'], 'c': ['83876.40000', '0.00606319'], 'v': ['686.48275918', '2698.15249528'], 'p': ['84337.70645', '85476.53182'], 't': [21358, 112501], 'l': ['83555.00000', '83555.00000'], 'h': ['85588.90000', '86683.40000'], 'o': '85542.00000'}}
Ingested successful: Pipeline crypto_realtime load step finished in 0.07 seconds
1 load package(s) were loaded to destination postgres and into dataset raw_crypto
The postgres destination used postgresql://dbt_user:***@localhost:5432/dbt_practice location to store data
Load package 1791342018.6376855 is LOADED and contains no failed jobs
[Wed 07 Oct 2026 14:00:19 AEDT] Starting data transformation
[0m03:00:21  Running with dbt=1.12.5
[0m03:00:22  Registered adapter: postgres=1.11.0
[0m03:00:23  [[31mERROR[0m]: Encountered an error:
Compilation Error in snapshot snap_pricing_history (snapshots/snap_pricing_history.sql)
  invalid syntax for function call expression
    line 3
      config(
[Wed 07 Oct 2026 14:05:01 AEDT] Starting pipeline run
[Wed 07 Oct 2026 14:05:01 AEDT] Starting data ingestion
[2026-10-07T03:05:02.174504+00:00] Fetching ticker data...
{'XETHZUSD': {'a': ['2613.52000', '8', '8.000'], 'b': ['2613.51000', '5', '5.000'], 'c': ['2613.61000', '0.00181819'], 'v': ['13143.87791304', '36532.81243314'], 'p': ['2626.29845', '2675.56136'], 't': [13028, 47014], 'l': ['2590.00000', '2590.00000'], 'h': ['2699.33000', '2724.02000'], 'o': '2697.15000'}, 'SOLUSD': {'a': ['118.38000', '116', '116.000'], 'b': ['118.37000', '3', '3.000'], 'c': ['118.39000', '0.42233297'], 'v': ['81453.47771744', '384214.67970464'], 'p': ['118.38498', '119.98628'], 't': [6456, 36738], 'l': ['117.01000', '117.01000'], 'h': ['120.69000', '121.97000'], 'o': '120.69000'}, 'XXBTZUSD': {'a': ['83989.00000', '3', '3.000'], 'b': ['83988.90000', '1', '1.000'], 'c': ['83989.00000', '0.00031055'], 'v': ['714.88249654', '2721.25571863'], 'p': ['84323.15309', '85460.63299'], 't': [22175, 113044], 'l': ['83555.00000', '83555.00000'], 'h': ['85588.90000', '86683.40000'], 'o': '85542.00000'}}
Ingested successful: Pipeline crypto_realtime load step finished in 0.07 seconds
1 load package(s) were loaded to destination postgres and into dataset raw_crypto
The postgres destination used postgresql://dbt_user:***@localhost:5432/dbt_practice location to store data
Load package 1791342307.7740471 is LOADED and contains no failed jobs
[Wed 07 Oct 2026 14:05:13 AEDT] Starting data transformation
[0m03:05:16  Running with dbt=1.12.5
[0m03:05:16  Registered adapter: postgres=1.11.0
[0m03:05:17  Unable to do partial parsing because saved manifest not found. Starting full parse.
[0m03:05:20  [[31mERROR[0m]: Encountered an error:
Compilation Error
  Snapshot 'snapshot.crypto_transform.snap_pricing_history' (snapshots/snap_pricing_history.sql) depends on a source named 'raw_crypto.pricing_history' which was not found
[Wed 07 Oct 2026 14:10:01 AEDT] Starting pipeline run
[Wed 07 Oct 2026 14:10:01 AEDT] Starting data ingestion
[2026-10-07T03:10:02.701662+00:00] Fetching ticker data...
{'XETHZUSD': {'a': ['2616.47000', '8', '8.000'], 'b': ['2616.46000', '2', '2.000'], 'c': ['2617.00000', '0.04882090'], 'v': ['13509.06167481', '36891.91803735'], 'p': ['2626.01963', '2674.96741'], 't': [13329, 47272], 'l': ['2590.00000', '2590.00000'], 'h': ['2699.33000', '2724.02000'], 'o': '2697.15000'}, 'SOLUSD': {'a': ['118.44000', '105', '105.000'], 'b': ['118.43000', '15', '15.000'], 'c': ['118.44000', '0.88600700'], 'v': ['82287.54464154', '384961.05441651'], 'p': ['118.38513', '119.98279'], 't': [6547, 36775], 'l': ['117.01000', '117.01000'], 'h': ['120.69000', '121.97000'], 'o': '120.69000'}, 'XXBTZUSD': {'a': ['84062.50000', '2', '2.000'], 'b': ['84062.40000', '1', '1.000'], 'c': ['84066.40000', '0.01306053'], 'v': ['726.20054690', '2730.63444958'], 'p': ['84318.82648', '85454.70103'], 't': [22668, 113357], 'l': ['83555.00000', '83555.00000'], 'h': ['85588.90000', '86683.40000'], 'o': '85542.00000'}}
Ingested successful: Pipeline crypto_realtime load step finished in 0.07 seconds
1 load package(s) were loaded to destination postgres and into dataset raw_crypto
The postgres destination used postgresql://dbt_user:***@localhost:5432/dbt_practice location to store data
Load package 1791342603.3491266 is LOADED and contains no failed jobs
[Wed 07 Oct 2026 14:10:09 AEDT] Starting data transformation
[0m03:10:11  Running with dbt=1.12.5
[0m03:10:12  Registered adapter: postgres=1.11.0
[0m03:10:12  Unable to do partial parsing because saved manifest not found. Starting full parse.
[0m03:10:15  [[31mERROR[0m]: Encountered an error:
Compilation Error
  Snapshot 'snapshot.crypto_transform.snap_pricing_history' (snapshots/snap_pricing_history.sql) depends on a source named 'raw_crypto.pricing_history' which was not found
[Wed 07 Oct 2026 14:15:01 AEDT] Starting pipeline run
[Wed 07 Oct 2026 14:15:01 AEDT] Starting data ingestion
[2026-10-07T03:15:02.321141+00:00] Fetching ticker data...
{'XETHZUSD': {'a': ['2610.83000', '7', '7.000'], 'b': ['2610.82000', '2', '2.000'], 'c': ['2610.83000', '2.21160906'], 'v': ['13566.54890477', '36898.01548379'], 'p': ['2625.96334', '2674.83635'], 't': [13466, 47337], 'l': ['2590.00000', '2590.00000'], 'h': ['2699.33000', '2724.02000'], 'o': '2697.15000'}, 'SOLUSD': {'a': ['118.14000', '98', '98.000'], 'b': ['118.13000', '2', '2.000'], 'c': ['118.14000', '0.97534341'], 'v': ['82532.50329880', '385067.14084353'], 'p': ['118.38480', '119.98165'], 't': [6621, 36780], 'l': ['117.01000', '117.01000'], 'h': ['120.69000', '121.97000'], 'o': '120.69000'}, 'XXBTZUSD': {'a': ['83936.70000', '1', '1.000'], 'b': ['83936.60000', '1', '1.000'], 'c': ['83936.70000', '0.00016700'], 'v': ['736.25606405', '2735.50954746'], 'p': ['84314.49341', '85449.21454'], 't': [23319, 113796], 'l': ['83555.00000', '83555.00000'], 'h': ['85588.90000', '86683.40000'], 'o': '85542.00000'}}
Ingested successful: Pipeline crypto_realtime load step finished in 0.09 seconds
1 load package(s) were loaded to destination postgres and into dataset raw_crypto
The postgres destination used postgresql://dbt_user:***@localhost:5432/dbt_practice location to store data
Load package 1791342907.96971 is LOADED and contains no failed jobs
[Wed 07 Oct 2026 14:15:10 AEDT] Starting data transformation
[0m03:15:13  Running with dbt=1.12.5
[0m03:15:13  Registered adapter: postgres=1.11.0
[0m03:15:13  Unable to do partial parsing because saved manifest not found. Starting full parse.
[0m03:15:16  [[31mERROR[0m]: Encountered an error:
Compilation Error
  Snapshot 'snapshot.crypto_transform.snap_pricing_history' (snapshots/snap_pricing_history.sql) depends on a source named 'raw_crypto.pricing_history' which was not found
[Wed 07 Oct 2026 14:20:01 AEDT] Starting pipeline run
[Wed 07 Oct 2026 14:20:01 AEDT] Starting data ingestion
[2026-10-07T03:20:02.217976+00:00] Fetching ticker data...
{'XETHZUSD': {'a': ['2611.19000', '5', '5.000'], 'b': ['2611.18000', '12', '12.000'], 'c': ['2611.19000', '0.70843919'], 'v': ['14102.90696339', '37404.76417287'], 'p': ['2625.38652', '2673.89818'], 't': [13771, 47580], 'l': ['2590.00000', '2590.00000'], 'h': ['2699.33000', '2724.02000'], 'o': '2697.15000'}, 'SOLUSD': {'a': ['118.28000', '14', '14.000'], 'b': ['118.27000', '131', '131.000'], 'c': ['118.26000', '0.44007352'], 'v': ['93570.15867213', '395493.20780537'], 'p': ['118.36916', '119.93299'], 't': [6737, 36789], 'l': ['117.01000', '117.01000'], 'h': ['120.69000', '121.97000'], 'o': '120.69000'}, 'XXBTZUSD': {'a': ['84068.50000', '1', '1.000'], 'b': ['84068.40000', '1', '1.000'], 'c': ['84068.50000', '0.00044518'], 'v': ['746.30666474', '2743.76788719'], 'p': ['84310.34355', '85443.87160'], 't': [23799, 113971], 'l': ['83555.00000', '83555.00000'], 'h': ['85588.90000', '86683.40000'], 'o': '85542.00000'}}
Ingested successful: Pipeline crypto_realtime load step finished in 0.11 seconds
1 load package(s) were loaded to destination postgres and into dataset raw_crypto
The postgres destination used postgresql://dbt_user:***@localhost:5432/dbt_practice location to store data
Load package 1791343207.9379034 is LOADED and contains no failed jobs
[Wed 07 Oct 2026 14:20:13 AEDT] Starting data transformation
[0m03:20:16  Running with dbt=1.12.5
[0m03:20:17  Registered adapter: postgres=1.11.0
[0m03:20:17  Unable to do partial parsing because saved manifest not found. Starting full parse.
[0m03:20:20  [[31mERROR[0m]: Encountered an error:
Compilation Error
  Snapshot 'snapshot.crypto_transform.snap_pricing_history' (snapshots/snap_pricing_history.sql) depends on a source named 'raw_crypto.pricing_history' which was not found
[Wed 07 Oct 2026 14:25:01 AEDT] Starting pipeline run
[Wed 07 Oct 2026 14:25:01 AEDT] Starting data ingestion
[2026-10-07T03:25:02.750808+00:00] Fetching ticker data...
{'XETHZUSD': {'a': ['2607.51000', '3', '3.000'], 'b': ['2607.50000', '23', '23.000'], 'c': ['2607.51000', '0.06158659'], 'v': ['14616.60409455', '37913.98871567'], 'p': ['2624.72282', '2672.98194'], 't': [14198, 47961], 'l': ['2590.00000', '2590.00000'], 'h': ['2699.33000', '2724.02000'], 'o': '2697.15000'}, 'SOLUSD': {'a': ['118.25000', '33', '33.000'], 'b': ['118.24000', '125', '125.000'], 'c': ['118.24000', '0.42234000'], 'v': ['93983.63667856', '395133.90111653'], 'p': ['118.36827', '119.93065'], 't': [6812, 36773], 'l': ['117.01000', '117.01000'], 'h': ['120.69000', '121.97000'], 'o': '120.69000'}, 'XXBTZUSD': {'a': ['84011.60000', '2', '2.000'], 'b': ['84011.50000', '1', '1.000'], 'c': ['84011.50000', '0.00012453'], 'v': ['782.59649913', '2776.68920521'], 'p': ['84295.49319', '85424.75430'], 't': [24398, 114339], 'l': ['83555.00000', '83555.00000'], 'h': ['85588.90000', '86683.40000'], 'o': '85542.00000'}}
Ingested successful: Pipeline crypto_realtime load step finished in 0.10 seconds
1 load package(s) were loaded to destination postgres and into dataset raw_crypto
The postgres destination used postgresql://dbt_user:***@localhost:5432/dbt_practice location to store data
Load package 1791343508.4730525 is LOADED and contains no failed jobs
[Wed 07 Oct 2026 14:25:14 AEDT] Starting data transformation
[0m03:25:17  Running with dbt=1.12.5
[0m03:25:18  Registered adapter: postgres=1.11.0
[0m03:25:18  Unable to do partial parsing because config vars, config profile, or config target have changed
[0m03:25:18  Unable to do partial parsing because profile has changed
[0m03:25:18  Unable to do partial parsing because a project config has changed
[0m03:25:22  Found 2 models, 1 snapshot, 9 data tests, 1 source, 479 macros
[0m03:25:22  
[0m03:25:22  Concurrency: 4 threads (target='prod')
[0m03:25:22  
[0m03:25:22  1 of 12 START sql view model raw_crypto.stg_crypto_prices ...................... [RUN]
[0m03:25:22  2 of 12 START snapshot crypto_transform.snap_pricing_history ................... [RUN]
[0m03:25:22  [[33mWARNING[0m]: Data type of snapshot table timestamp columns (DATETIME) doesn't match derived column 'updated_at' (DATETIMETZ). Please update snapshot config 'updated_at'.
[0m03:25:23  2 of 12 ERROR snapshotting crypto_transform.snap_pricing_history ............... [[31mERROR[0m in 0.37s]
[0m03:25:23  1 of 12 OK created sql view model raw_crypto.stg_crypto_prices ................. [[32mCREATE VIEW[0m in 0.40s]
[0m03:25:23  3 of 12 START sql incremental model raw_crypto.fct_crypto_metrics .............. [RUN]
[0m03:25:23  [[33mWARNING[0m]: Detected columns with numeric type and unspecified precision/scale, this can lead to unintended rounding: ['price_usd', 'rolling_6_period_avg_price', 'price_change_since_last_tick']`
[0m03:25:23  3 of 12 OK created sql incremental model raw_crypto.fct_crypto_metrics ......... [[32mINSERT 0 24[0m in 0.51s]
[0m03:25:23  4 of 12 START test not_null_fct_crypto_metrics_coin_id ......................... [RUN]
[0m03:25:23  5 of 12 START test not_null_fct_crypto_metrics_coin_name ....................... [RUN]
[0m03:25:23  6 of 12 START test not_null_fct_crypto_metrics_price_change_since_last_tick .... [RUN]
[0m03:25:23  7 of 12 START test not_null_fct_crypto_metrics_price_timestamp ................. [RUN]
[0m03:25:23  6 of 12 PASS not_null_fct_crypto_metrics_price_change_since_last_tick .......... [[32mPASS[0m in 0.33s]
[0m03:25:23  8 of 12 START test not_null_fct_crypto_metrics_price_usd ....................... [RUN]
[0m03:25:23  5 of 12 PASS not_null_fct_crypto_metrics_coin_name ............................. [[32mPASS[0m in 0.35s]
[0m03:25:23  7 of 12 PASS not_null_fct_crypto_metrics_price_timestamp ....................... [[32mPASS[0m in 0.35s]
[0m03:25:23  4 of 12 PASS not_null_fct_crypto_metrics_coin_id ............................... [[32mPASS[0m in 0.37s]
[0m03:25:23  9 of 12 START test not_null_fct_crypto_metrics_rolling_6_period_avg_price ...... [RUN]
[0m03:25:24  10 of 12 START test not_null_fct_crypto_metrics_surrogate_key .................. [RUN]
[0m03:25:24  11 of 12 START test not_null_fct_crypto_metrics_symbol ......................... [RUN]
[0m03:25:24  9 of 12 PASS not_null_fct_crypto_metrics_rolling_6_period_avg_price ............ [[32mPASS[0m in 0.14s]
[0m03:25:24  8 of 12 PASS not_null_fct_crypto_metrics_price_usd ............................. [[32mPASS[0m in 0.21s]
[0m03:25:24  12 of 12 START test unique_fct_crypto_metrics_surrogate_key .................... [RUN]
[0m03:25:24  10 of 12 PASS not_null_fct_crypto_metrics_surrogate_key ........................ [[32mPASS[0m in 0.17s]
[0m03:25:24  11 of 12 PASS not_null_fct_crypto_metrics_symbol ............................... [[32mPASS[0m in 0.19s]
[0m03:25:24  12 of 12 PASS unique_fct_crypto_metrics_surrogate_key .......................... [[32mPASS[0m in 0.09s]
[0m03:25:24  
[0m03:25:24  Finished running 1 incremental model, 1 snapshot, 9 data tests, 1 view model in 0 hours 0 minutes and 1.96 seconds (1.96s).
[0m03:25:24  
[0m03:25:24  [31mCompleted with 1 error, 0 partial successes, and 0 warnings:[0m
[0m03:25:24  
[0m03:25:24  [[31mERROR[0m]: in snapshot snap_pricing_history (snapshots/snap_pricing_history.sql)
[0m03:25:24    Database Error in snapshot snap_pricing_history (snapshots/snap_pricing_history.sql)
  column "dbt_scd_id" specified more than once
  compiled code at target/run/crypto_transform/snapshots/snap_pricing_history.sql/snap_pricing_history.sql
[0m03:25:24  
[0m03:25:24    compiled code at target/compiled/crypto_transform/snapshots/snap_pricing_history.sql/snap_pricing_history.sql
[0m03:25:24  
[0m03:25:24  Done. PASS=11 WARN=0 ERROR=1 SKIP=0 NO-OP=0 REUSED=0 TOTAL=12
[Wed 07 Oct 2026 14:30:01 AEDT] Starting pipeline run
[Wed 07 Oct 2026 14:30:01 AEDT] Starting data ingestion
[2026-10-07T03:30:02.698710+00:00] Fetching ticker data...
{'XETHZUSD': {'a': ['2607.42000', '9', '9.000'], 'b': ['2607.41000', '2', '2.000'], 'c': ['2607.76000', '0.00181819'], 'v': ['15059.28346899', '38305.39229623'], 'p': ['2624.24459', '2672.20166'], 't': [14609, 48277], 'l': ['2590.00000', '2590.00000'], 'h': ['2699.33000', '2724.02000'], 'o': '2697.15000'}, 'SOLUSD': {'a': ['118.15000', '102', '102.000'], 'b': ['118.14000', '45', '45.000'], 'c': ['118.16000', '0.00932125'], 'v': ['94384.34302437', '394795.69248393'], 'p': ['118.36755', '119.92847'], 't': [6892, 36773], 'l': ['117.01000', '117.01000'], 'h': ['120.69000', '121.97000'], 'o': '120.69000'}, 'XXBTZUSD': {'a': ['83949.10000', '2', '2.000'], 'b': ['83949.00000', '1', '1.000'], 'c': ['83949.10000', '0.00023545'], 'v': ['810.23476400', '2803.77414004'], 'p': ['84285.35359', '85410.68093'], 't': [24899, 114679], 'l': ['83555.00000', '83555.00000'], 'h': ['85588.90000', '86683.40000'], 'o': '85542.00000'}}
Ingested successful: Pipeline crypto_realtime load step finished in 0.10 seconds
1 load package(s) were loaded to destination postgres and into dataset raw_crypto
The postgres destination used postgresql://dbt_user:***@localhost:5432/dbt_practice location to store data
Load package 1791343803.42902 is LOADED and contains no failed jobs
[Wed 07 Oct 2026 14:30:08 AEDT] Starting data transformation
[0m03:30:12  Running with dbt=1.12.5
[0m03:30:12  Registered adapter: postgres=1.11.0
[0m03:30:13  Unable to do partial parsing because config vars, config profile, or config target have changed
[0m03:30:13  Unable to do partial parsing because profile has changed
[0m03:30:17  Found 2 models, 1 snapshot, 9 data tests, 1 source, 479 macros
[0m03:30:17  
[0m03:30:17  Concurrency: 4 threads (target='prod')
[0m03:30:17  
[0m03:30:18  1 of 12 START sql view model raw_crypto.stg_crypto_prices ...................... [RUN]
[0m03:30:18  2 of 12 START snapshot crypto_transform.snap_pricing_history ................... [RUN]
[0m03:30:18  [[33mWARNING[0m]: Data type of snapshot table timestamp columns (DATETIME) doesn't match derived column 'updated_at' (DATETIMETZ). Please update snapshot config 'updated_at'.
[0m03:30:18  2 of 12 OK snapshotted crypto_transform.snap_pricing_history ................... [[32mSELECT 168[0m in 0.41s]
[0m03:30:18  1 of 12 OK created sql view model raw_crypto.stg_crypto_prices ................. [[32mCREATE VIEW[0m in 0.48s]
[0m03:30:18  3 of 12 START sql incremental model raw_crypto.fct_crypto_metrics .............. [RUN]
[0m03:30:18  [[33mWARNING[0m]: Detected columns with numeric type and unspecified precision/scale, this can lead to unintended rounding: ['price_usd', 'rolling_6_period_avg_price', 'price_change_since_last_tick']`
[0m03:30:19  3 of 12 OK created sql incremental model raw_crypto.fct_crypto_metrics ......... [[32mINSERT 0 2[0m in 0.48s]
[0m03:30:19  7 of 12 START test not_null_fct_crypto_metrics_price_timestamp ................. [RUN]
[0m03:30:19  6 of 12 START test not_null_fct_crypto_metrics_price_change_since_last_tick .... [RUN]
[0m03:30:19  5 of 12 START test not_null_fct_crypto_metrics_coin_name ....................... [RUN]
[0m03:30:19  4 of 12 START test not_null_fct_crypto_metrics_coin_id ......................... [RUN]
[0m03:30:19  6 of 12 PASS not_null_fct_crypto_metrics_price_change_since_last_tick .......... [[32mPASS[0m in 0.31s]
[0m03:30:19  4 of 12 PASS not_null_fct_crypto_metrics_coin_id ............................... [[32mPASS[0m in 0.31s]
[0m03:30:19  7 of 12 PASS not_null_fct_crypto_metrics_price_timestamp ....................... [[32mPASS[0m in 0.31s]
[0m03:30:19  5 of 12 PASS not_null_fct_crypto_metrics_coin_name ............................. [[32mPASS[0m in 0.31s]
[0m03:30:19  8 of 12 START test not_null_fct_crypto_metrics_price_usd ....................... [RUN]
[0m03:30:19  9 of 12 START test not_null_fct_crypto_metrics_rolling_6_period_avg_price ...... [RUN]
[0m03:30:19  10 of 12 START test not_null_fct_crypto_metrics_surrogate_key .................. [RUN]
[0m03:30:19  11 of 12 START test not_null_fct_crypto_metrics_symbol ......................... [RUN]
[0m03:30:19  8 of 12 PASS not_null_fct_crypto_metrics_price_usd ............................. [[32mPASS[0m in 0.12s]
[0m03:30:19  9 of 12 PASS not_null_fct_crypto_metrics_rolling_6_period_avg_price ............ [[32mPASS[0m in 0.13s]
[0m03:30:19  12 of 12 START test unique_fct_crypto_metrics_surrogate_key .................... [RUN]
[0m03:30:19  10 of 12 PASS not_null_fct_crypto_metrics_surrogate_key ........................ [[32mPASS[0m in 0.16s]
[0m03:30:19  11 of 12 PASS not_null_fct_crypto_metrics_symbol ............................... [[32mPASS[0m in 0.16s]
[0m03:30:19  12 of 12 PASS unique_fct_crypto_metrics_surrogate_key .......................... [[32mPASS[0m in 0.07s]
[0m03:30:19  
[0m03:30:19  Finished running 1 incremental model, 1 snapshot, 9 data tests, 1 view model in 0 hours 0 minutes and 1.90 seconds (1.90s).
[0m03:30:19  
[0m03:30:19  [32mCompleted successfully[0m
[0m03:30:19  
[0m03:30:19  Done. PASS=12 WARN=0 ERROR=0 SKIP=0 NO-OP=0 REUSED=0 TOTAL=12
[Wed 07 Oct 2026 14:30:26 AEDT] Pipeline completed successfully.
[Wed 07 Oct 2026 14:35:01 AEDT] Starting pipeline run
[Wed 07 Oct 2026 14:35:01 AEDT] Starting data ingestion
[2026-10-07T03:35:03.646790+00:00] Fetching ticker data...
{'XETHZUSD': {'a': ['2610.13000', '7', '7.000'], 'b': ['2610.12000', '13', '13.000'], 'c': ['2610.13000', '0.01680524'], 'v': ['15196.67757566', '38304.48630418'], 'p': ['2624.10235', '2671.89360'], 't': [14786, 48220], 'l': ['2590.00000', '2590.00000'], 'h': ['2699.33000', '2724.02000'], 'o': '2697.15000'}, 'SOLUSD': {'a': ['118.25000', '300', '300.000'], 'b': ['118.24000', '91', '91.000'], 'c': ['118.25000', '4.09786097'], 'v': ['96825.50748210', '395499.72350285'], 'p': ['118.36081', '119.91723'], 't': [7015, 36737], 'l': ['117.01000', '117.01000'], 'h': ['120.69000', '121.97000'], 'o': '120.69000'}, 'XXBTZUSD': {'a': ['84048.90000', '1', '1.000'], 'b': ['84048.80000', '2', '2.000'], 'c': ['84048.80000', '0.03101059'], 'v': ['836.37517491', '2819.18714756'], 'p': ['84276.25490', '85397.68897'], 't': [25319, 114507], 'l': ['83555.00000', '83555.00000'], 'h': ['85588.90000', '86683.40000'], 'o': '85542.00000'}}
Ingested successful: Pipeline crypto_realtime load step finished in 0.08 seconds
1 load package(s) were loaded to destination postgres and into dataset raw_crypto
The postgres destination used postgresql://dbt_user:***@localhost:5432/dbt_practice location to store data
Load package 1791344109.4927726 is LOADED and contains no failed jobs
[Wed 07 Oct 2026 14:35:15 AEDT] Starting data transformation
[0m03:35:18  Running with dbt=1.12.5
[0m03:35:18  Registered adapter: postgres=1.11.0
[0m03:35:19  Unable to do partial parsing because config vars, config profile, or config target have changed
[0m03:35:19  Unable to do partial parsing because profile has changed
[0m03:35:23  Found 2 models, 1 snapshot, 9 data tests, 1 source, 479 macros
[0m03:35:23  
[0m03:35:23  Concurrency: 4 threads (target='prod')
[0m03:35:23  
[0m03:35:23  2 of 12 START snapshot crypto_transform.snap_pricing_history ................... [RUN]
[0m03:35:23  1 of 12 START sql view model raw_crypto.stg_crypto_prices ...................... [RUN]
[0m03:35:24  1 of 12 OK created sql view model raw_crypto.stg_crypto_prices ................. [[32mCREATE VIEW[0m in 0.59s]
[0m03:35:24  3 of 12 START sql incremental model raw_crypto.fct_crypto_metrics .............. [RUN]
[0m03:35:24  2 of 12 OK snapshotted crypto_transform.snap_pricing_history ................... [[32mINSERT 0 2[0m in 0.85s]
[0m03:35:24  [[33mWARNING[0m]: Detected columns with numeric type and unspecified precision/scale, this can lead to unintended rounding: ['price_usd', 'rolling_6_period_avg_price', 'price_change_since_last_tick']`
[0m03:35:24  3 of 12 OK created sql incremental model raw_crypto.fct_crypto_metrics ......... [[32mINSERT 0 2[0m in 0.48s]
[0m03:35:24  7 of 12 START test not_null_fct_crypto_metrics_price_timestamp ................. [RUN]
[0m03:35:24  4 of 12 START test not_null_fct_crypto_metrics_coin_id ......................... [RUN]
[0m03:35:24  6 of 12 START test not_null_fct_crypto_metrics_price_change_since_last_tick .... [RUN]
[0m03:35:24  5 of 12 START test not_null_fct_crypto_metrics_coin_name ....................... [RUN]
[0m03:35:24  6 of 12 PASS not_null_fct_crypto_metrics_price_change_since_last_tick .......... [[32mPASS[0m in 0.38s]
[0m03:35:24  5 of 12 PASS not_null_fct_crypto_metrics_coin_name ............................. [[32mPASS[0m in 0.39s]
[0m03:35:24  8 of 12 START test not_null_fct_crypto_metrics_price_usd ....................... [RUN]
[0m03:35:24  4 of 12 PASS not_null_fct_crypto_metrics_coin_id ............................... [[32mPASS[0m in 0.40s]
[0m03:35:25  9 of 12 START test not_null_fct_crypto_metrics_rolling_6_period_avg_price ...... [RUN]
[0m03:35:25  7 of 12 PASS not_null_fct_crypto_metrics_price_timestamp ....................... [[32mPASS[0m in 0.43s]
[0m03:35:25  10 of 12 START test not_null_fct_crypto_metrics_surrogate_key .................. [RUN]
[0m03:35:25  11 of 12 START test not_null_fct_crypto_metrics_symbol ......................... [RUN]
[0m03:35:25  9 of 12 PASS not_null_fct_crypto_metrics_rolling_6_period_avg_price ............ [[32mPASS[0m in 0.16s]
[0m03:35:25  8 of 12 PASS not_null_fct_crypto_metrics_price_usd ............................. [[32mPASS[0m in 0.19s]
[0m03:35:25  10 of 12 PASS not_null_fct_crypto_metrics_surrogate_key ........................ [[32mPASS[0m in 0.17s]
[0m03:35:25  12 of 12 START test unique_fct_crypto_metrics_surrogate_key .................... [RUN]
[0m03:35:25  11 of 12 PASS not_null_fct_crypto_metrics_symbol ............................... [[32mPASS[0m in 0.18s]
[0m03:35:25  12 of 12 PASS unique_fct_crypto_metrics_surrogate_key .......................... [[32mPASS[0m in 0.14s]
[0m03:35:25  
[0m03:35:25  Finished running 1 incremental model, 1 snapshot, 9 data tests, 1 view model in 0 hours 0 minutes and 2.21 seconds (2.21s).
[0m03:35:25  
[0m03:35:25  [32mCompleted successfully[0m
[0m03:35:25  
[0m03:35:25  Done. PASS=12 WARN=0 ERROR=0 SKIP=0 NO-OP=0 REUSED=0 TOTAL=12
[Wed 07 Oct 2026 14:35:32 AEDT] Pipeline completed successfully.
[Wed 07 Oct 2026 14:40:01 AEDT] Starting pipeline run
[Wed 07 Oct 2026 14:40:01 AEDT] Starting data ingestion
[2026-10-07T03:40:02.492213+00:00] Fetching ticker data...
{'XETHZUSD': {'a': ['2611.86000', '5', '5.000'], 'b': ['2611.85000', '5', '5.000'], 'c': ['2612.26000', '0.02943865'], 'v': ['15269.97184129', '38135.94099625'], 'p': ['2624.04158', '2671.64025'], 't': [14891, 48200], 'l': ['2590.00000', '2590.00000'], 'h': ['2699.33000', '2724.02000'], 'o': '2697.15000'}, 'SOLUSD': {'a': ['118.30000', '212', '212.000'], 'b': ['118.29000', '90', '90.000'], 'c': ['118.31000', '0.08449581'], 'v': ['96956.44057548', '395260.10524183'], 'p': ['118.36071', '119.91673'], 't': [7068, 36724], 'l': ['117.01000', '117.01000'], 'h': ['120.69000', '121.97000'], 'o': '120.69000'}, 'XXBTZUSD': {'a': ['84099.70000', '1', '1.000'], 'b': ['84099.60000', '2', '2.000'], 'c': ['84099.60000', '0.00034254'], 'v': ['840.01768171', '2819.37829139'], 'p': ['84275.39791', '85396.01505'], 't': [25649, 114538], 'l': ['83555.00000', '83555.00000'], 'h': ['85588.90000', '86683.40000'], 'o': '85542.00000'}}
Ingested successful: Pipeline crypto_realtime load step finished in 0.24 seconds
1 load package(s) were loaded to destination postgres and into dataset raw_crypto
The postgres destination used postgresql://dbt_user:***@localhost:5432/dbt_practice location to store data
Load package 1791344408.3596432 is LOADED and contains no failed jobs
[Wed 07 Oct 2026 14:40:09 AEDT] Starting data transformation
[0m03:40:12  Running with dbt=1.12.5
[0m03:40:13  Registered adapter: postgres=1.11.0
[0m03:40:13  Unable to do partial parsing because config vars, config profile, or config target have changed
[0m03:40:13  Unable to do partial parsing because profile has changed
[0m03:40:17  Found 2 models, 1 snapshot, 9 data tests, 1 source, 479 macros
[0m03:40:17  
[0m03:40:17  Concurrency: 4 threads (target='prod')
[0m03:40:17  
[0m03:40:17  1 of 12 START sql view model raw_crypto.stg_crypto_prices ...................... [RUN]
[0m03:40:17  2 of 12 START snapshot crypto_transform.snap_pricing_history ................... [RUN]
[0m03:40:18  1 of 12 OK created sql view model raw_crypto.stg_crypto_prices ................. [[32mCREATE VIEW[0m in 0.51s]
[0m03:40:18  3 of 12 START sql incremental model raw_crypto.fct_crypto_metrics .............. [RUN]
[0m03:40:18  [[33mWARNING[0m]: Detected columns with numeric type and unspecified precision/scale, this can lead to unintended rounding: ['price_usd', 'rolling_6_period_avg_price', 'price_change_since_last_tick']`
[0m03:40:18  2 of 12 OK snapshotted crypto_transform.snap_pricing_history ................... [[32mINSERT 0 2[0m in 0.80s]
[0m03:40:18  3 of 12 OK created sql incremental model raw_crypto.fct_crypto_metrics ......... [[32mINSERT 0 2[0m in 0.47s]
[0m03:40:18  7 of 12 START test not_null_fct_crypto_metrics_price_timestamp ................. [RUN]
[0m03:40:18  6 of 12 START test not_null_fct_crypto_metrics_price_change_since_last_tick .... [RUN]
[0m03:40:18  4 of 12 START test not_null_fct_crypto_metrics_coin_id ......................... [RUN]
[0m03:40:18  5 of 12 START test not_null_fct_crypto_metrics_coin_name ....................... [RUN]
[0m03:40:19  7 of 12 PASS not_null_fct_crypto_metrics_price_timestamp ....................... [[32mPASS[0m in 0.34s]
[0m03:40:19  6 of 12 PASS not_null_fct_crypto_metrics_price_change_since_last_tick .......... [[32mPASS[0m in 0.35s]
[0m03:40:19  8 of 12 START test not_null_fct_crypto_metrics_price_usd ....................... [RUN]
[0m03:40:19  4 of 12 PASS not_null_fct_crypto_metrics_coin_id ............................... [[32mPASS[0m in 0.35s]
[0m03:40:19  5 of 12 PASS not_null_fct_crypto_metrics_coin_name ............................. [[32mPASS[0m in 0.35s]
[0m03:40:19  9 of 12 START test not_null_fct_crypto_metrics_rolling_6_period_avg_price ...... [RUN]
[0m03:40:19  10 of 12 START test not_null_fct_crypto_metrics_surrogate_key .................. [RUN]
[0m03:40:19  11 of 12 START test not_null_fct_crypto_metrics_symbol ......................... [RUN]
[0m03:40:19  8 of 12 PASS not_null_fct_crypto_metrics_price_usd ............................. [[32mPASS[0m in 0.10s]
[0m03:40:19  12 of 12 START test unique_fct_crypto_metrics_surrogate_key .................... [RUN]
[0m03:40:19  9 of 12 PASS not_null_fct_crypto_metrics_rolling_6_period_avg_price ............ [[32mPASS[0m in 0.15s]
[0m03:40:19  10 of 12 PASS not_null_fct_crypto_metrics_surrogate_key ........................ [[32mPASS[0m in 0.17s]
[0m03:40:19  11 of 12 PASS not_null_fct_crypto_metrics_symbol ............................... [[32mPASS[0m in 0.17s]
[0m03:40:19  12 of 12 PASS unique_fct_crypto_metrics_surrogate_key .......................... [[32mPASS[0m in 0.18s]
[0m03:40:19  
[0m03:40:19  Finished running 1 incremental model, 1 snapshot, 9 data tests, 1 view model in 0 hours 0 minutes and 2.02 seconds (2.02s).
[0m03:40:19  
[0m03:40:19  [32mCompleted successfully[0m
[0m03:40:19  
[0m03:40:19  Done. PASS=12 WARN=0 ERROR=0 SKIP=0 NO-OP=0 REUSED=0 TOTAL=12
[Wed 07 Oct 2026 14:40:21 AEDT] Pipeline completed successfully.
[Wed 07 Oct 2026 14:45:01 AEDT] Starting pipeline run
[Wed 07 Oct 2026 14:45:01 AEDT] Starting data ingestion
[2026-10-07T03:45:02.335863+00:00] Fetching ticker data...
{'XETHZUSD': {'a': ['2611.28000', '5', '5.000'], 'b': ['2611.27000', '12', '12.000'], 'c': ['2611.18000', '0.13259492'], 'v': ['15424.97372038', '38271.65408727'], 'p': ['2623.91438', '2671.38464'], 't': [15015, 48248], 'l': ['2590.00000', '2590.00000'], 'h': ['2699.33000', '2724.02000'], 'o': '2697.15000'}, 'SOLUSD': {'a': ['118.20000', '13', '13.000'], 'b': ['118.19000', '20', '20.000'], 'c': ['118.17000', '89.11427900'], 'v': ['97654.49008240', '349152.16204714'], 'p': ['118.35986', '119.94923'], 't': [7143, 36429], 'l': ['117.01000', '117.01000'], 'h': ['120.69000', '121.97000'], 'o': '120.69000'}, 'XXBTZUSD': {'a': ['84115.40000', '1', '1.000'], 'b': ['84115.30000', '1', '1.000'], 'c': ['84115.30000', '0.00055466'], 'v': ['846.53576062', '2824.40740454'], 'p': ['84274.14782', '85393.05158'], 't': [25913, 114578], 'l': ['83555.00000', '83555.00000'], 'h': ['85588.90000', '86683.40000'], 'o': '85542.00000'}}
Ingested successful: Pipeline crypto_realtime load step finished in 0.10 seconds
1 load package(s) were loaded to destination postgres and into dataset raw_crypto
The postgres destination used postgresql://dbt_user:***@localhost:5432/dbt_practice location to store data
Load package 1791344703.336434 is LOADED and contains no failed jobs
[Wed 07 Oct 2026 14:45:09 AEDT] Starting data transformation
[0m03:45:11  Running with dbt=1.12.5
[0m03:45:12  Registered adapter: postgres=1.11.0
[0m03:45:12  Unable to do partial parsing because config vars, config profile, or config target have changed
[0m03:45:12  Unable to do partial parsing because profile has changed
[0m03:45:16  Found 2 models, 1 snapshot, 9 data tests, 1 source, 479 macros
[0m03:45:16  
[0m03:45:16  Concurrency: 4 threads (target='prod')
[0m03:45:16  
[0m03:45:16  1 of 12 START sql view model raw_crypto.stg_crypto_prices ...................... [RUN]
[0m03:45:16  2 of 12 START snapshot crypto_transform.snap_pricing_history ................... [RUN]
[0m03:45:16  1 of 12 OK created sql view model raw_crypto.stg_crypto_prices ................. [[32mCREATE VIEW[0m in 0.41s]
[0m03:45:16  3 of 12 START sql incremental model raw_crypto.fct_crypto_metrics .............. [RUN]
[0m03:45:17  [[33mWARNING[0m]: Detected columns with numeric type and unspecified precision/scale, this can lead to unintended rounding: ['price_usd', 'rolling_6_period_avg_price', 'price_change_since_last_tick']`
[0m03:45:17  2 of 12 OK snapshotted crypto_transform.snap_pricing_history ................... [[32mINSERT 0 172[0m in 0.74s]
[0m03:45:17  3 of 12 OK created sql incremental model raw_crypto.fct_crypto_metrics ......... [[32mINSERT 0 2[0m in 0.51s]
[0m03:45:17  5 of 12 START test not_null_fct_crypto_metrics_coin_name ....................... [RUN]
[0m03:45:17  7 of 12 START test not_null_fct_crypto_metrics_price_timestamp ................. [RUN]
[0m03:45:17  4 of 12 START test not_null_fct_crypto_metrics_coin_id ......................... [RUN]
[0m03:45:17  6 of 12 START test not_null_fct_crypto_metrics_price_change_since_last_tick .... [RUN]
[0m03:45:17  5 of 12 PASS not_null_fct_crypto_metrics_coin_name ............................. [[32mPASS[0m in 0.32s]
[0m03:45:17  8 of 12 START test not_null_fct_crypto_metrics_price_usd ....................... [RUN]
[0m03:45:17  6 of 12 PASS not_null_fct_crypto_metrics_price_change_since_last_tick .......... [[32mPASS[0m in 0.33s]
[0m03:45:17  9 of 12 START test not_null_fct_crypto_metrics_rolling_6_period_avg_price ...... [RUN]
[0m03:45:17  7 of 12 PASS not_null_fct_crypto_metrics_price_timestamp ....................... [[32mPASS[0m in 0.35s]
[0m03:45:17  4 of 12 PASS not_null_fct_crypto_metrics_coin_id ............................... [[32mPASS[0m in 0.35s]
[0m03:45:17  10 of 12 START test not_null_fct_crypto_metrics_surrogate_key .................. [RUN]
[0m03:45:17  11 of 12 START test not_null_fct_crypto_metrics_symbol ......................... [RUN]
[0m03:45:17  8 of 12 PASS not_null_fct_crypto_metrics_price_usd ............................. [[32mPASS[0m in 0.11s]
[0m03:45:17  12 of 12 START test unique_fct_crypto_metrics_surrogate_key .................... [RUN]
[0m03:45:17  11 of 12 PASS not_null_fct_crypto_metrics_symbol ............................... [[32mPASS[0m in 0.18s]
[0m03:45:17  9 of 12 PASS not_null_fct_crypto_metrics_rolling_6_period_avg_price ............ [[32mPASS[0m in 0.20s]
[0m03:45:18  10 of 12 PASS not_null_fct_crypto_metrics_surrogate_key ........................ [[32mPASS[0m in 0.21s]
[0m03:45:18  12 of 12 PASS unique_fct_crypto_metrics_surrogate_key .......................... [[32mPASS[0m in 0.13s]
[0m03:45:18  
[0m03:45:18  Finished running 1 incremental model, 1 snapshot, 9 data tests, 1 view model in 0 hours 0 minutes and 1.94 seconds (1.94s).
[0m03:45:18  
[0m03:45:18  [32mCompleted successfully[0m
[0m03:45:18  
[0m03:45:18  Done. PASS=12 WARN=0 ERROR=0 SKIP=0 NO-OP=0 REUSED=0 TOTAL=12
[Wed 07 Oct 2026 14:45:24 AEDT] Pipeline completed successfully.
[Wed 07 Oct 2026 14:50:01 AEDT] Starting pipeline run
[Wed 07 Oct 2026 14:50:01 AEDT] Starting data ingestion
[2026-10-07T03:50:02.980597+00:00] Fetching ticker data...
{'XETHZUSD': {'a': ['2613.61000', '9', '9.000'], 'b': ['2613.60000', '1', '1.000'], 'c': ['2613.85000', '0.00683583'], 'v': ['15637.48916279', '38462.06307981'], 'p': ['2623.75658', '2671.04341'], 't': [15201, 48358], 'l': ['2590.00000', '2590.00000'], 'h': ['2699.33000', '2724.02000'], 'o': '2697.15000'}, 'SOLUSD': {'a': ['118.38000', '170', '170.000'], 'b': ['118.37000', '14', '14.000'], 'c': ['118.36000', '0.77280874'], 'v': ['99069.73211862', '350354.91498060'], 'p': ['118.35907', '119.94264'], 't': [7233, 36446], 'l': ['117.01000', '117.01000'], 'h': ['120.69000', '121.97000'], 'o': '120.69000'}, 'XXBTZUSD': {'a': ['84198.90000', '5', '5.000'], 'b': ['84198.80000', '1', '1.000'], 'c': ['84198.80000', '0.01225204'], 'v': ['863.64166649', '2837.60675948'], 'p': ['84271.71532', '85385.38912'], 't': [26331, 114740], 'l': ['83555.00000', '83555.00000'], 'h': ['85588.90000', '86683.40000'], 'o': '85542.00000'}}
Ingested successful: Pipeline crypto_realtime load step finished in 0.08 seconds
1 load package(s) were loaded to destination postgres and into dataset raw_crypto
The postgres destination used postgresql://dbt_user:***@localhost:5432/dbt_practice location to store data
Load package 1791345008.8362925 is LOADED and contains no failed jobs
[Wed 07 Oct 2026 14:50:14 AEDT] Starting data transformation
[0m03:50:17  Running with dbt=1.12.5
[0m03:50:18  Registered adapter: postgres=1.11.0
[0m03:50:18  Unable to do partial parsing because config vars, config profile, or config target have changed
[0m03:50:18  Unable to do partial parsing because profile has changed
[0m03:50:21  Found 2 models, 1 snapshot, 9 data tests, 1 source, 479 macros
[0m03:50:21  
[0m03:50:21  Concurrency: 4 threads (target='prod')
[0m03:50:21  
[0m03:50:21  1 of 12 START sql view model raw_crypto.stg_crypto_prices ...................... [RUN]
[0m03:50:21  2 of 12 START snapshot crypto_transform.snap_pricing_history ................... [RUN]
[0m03:50:22  1 of 12 OK created sql view model raw_crypto.stg_crypto_prices ................. [[32mCREATE VIEW[0m in 0.51s]
[0m03:50:22  3 of 12 START sql incremental model raw_crypto.fct_crypto_metrics .............. [RUN]
[0m03:50:22  [[33mWARNING[0m]: Detected columns with numeric type and unspecified precision/scale, this can lead to unintended rounding: ['price_usd', 'rolling_6_period_avg_price', 'price_change_since_last_tick']`
[0m03:50:22  2 of 12 OK snapshotted crypto_transform.snap_pricing_history ................... [[32mINSERT 0 172[0m in 0.80s]
[0m03:50:22  3 of 12 OK created sql incremental model raw_crypto.fct_crypto_metrics ......... [[32mINSERT 0 2[0m in 0.45s]
[0m03:50:22  7 of 12 START test not_null_fct_crypto_metrics_price_timestamp ................. [RUN]
[0m03:50:22  6 of 12 START test not_null_fct_crypto_metrics_price_change_since_last_tick .... [RUN]
[0m03:50:22  4 of 12 START test not_null_fct_crypto_metrics_coin_id ......................... [RUN]
[0m03:50:22  5 of 12 START test not_null_fct_crypto_metrics_coin_name ....................... [RUN]
[0m03:50:23  5 of 12 PASS not_null_fct_crypto_metrics_coin_name ............................. [[32mPASS[0m in 0.31s]
[0m03:50:23  4 of 12 PASS not_null_fct_crypto_metrics_coin_id ............................... [[32mPASS[0m in 0.31s]
[0m03:50:23  6 of 12 PASS not_null_fct_crypto_metrics_price_change_since_last_tick .......... [[32mPASS[0m in 0.33s]
[0m03:50:23  7 of 12 PASS not_null_fct_crypto_metrics_price_timestamp ....................... [[32mPASS[0m in 0.33s]
[0m03:50:23  8 of 12 START test not_null_fct_crypto_metrics_price_usd ....................... [RUN]
[0m03:50:23  9 of 12 START test not_null_fct_crypto_metrics_rolling_6_period_avg_price ...... [RUN]
[0m03:50:23  10 of 12 START test not_null_fct_crypto_metrics_surrogate_key .................. [RUN]
[0m03:50:23  11 of 12 START test not_null_fct_crypto_metrics_symbol ......................... [RUN]
[0m03:50:23  8 of 12 PASS not_null_fct_crypto_metrics_price_usd ............................. [[32mPASS[0m in 0.20s]
[0m03:50:23  12 of 12 START test unique_fct_crypto_metrics_surrogate_key .................... [RUN]
[0m03:50:23  11 of 12 PASS not_null_fct_crypto_metrics_symbol ............................... [[32mPASS[0m in 0.21s]
[0m03:50:23  10 of 12 PASS not_null_fct_crypto_metrics_surrogate_key ........................ [[32mPASS[0m in 0.23s]
[0m03:50:23  9 of 12 PASS not_null_fct_crypto_metrics_rolling_6_period_avg_price ............ [[32mPASS[0m in 0.26s]
[0m03:50:23  12 of 12 PASS unique_fct_crypto_metrics_surrogate_key .......................... [[32mPASS[0m in 0.12s]
[0m03:50:23  
[0m03:50:23  Finished running 1 incremental model, 1 snapshot, 9 data tests, 1 view model in 0 hours 0 minutes and 1.93 seconds (1.93s).
[0m03:50:23  
[0m03:50:23  [32mCompleted successfully[0m
[0m03:50:23  
[0m03:50:23  Done. PASS=12 WARN=0 ERROR=0 SKIP=0 NO-OP=0 REUSED=0 TOTAL=12
[Wed 07 Oct 2026 14:50:30 AEDT] Pipeline completed successfully.
[Wed 07 Oct 2026 14:55:01 AEDT] Starting pipeline run
[Wed 07 Oct 2026 14:55:01 AEDT] Starting data ingestion
[2026-10-07T03:55:03.058575+00:00] Fetching ticker data...
{'XETHZUSD': {'a': ['2613.01000', '6', '6.000'], 'b': ['2613.00000', '1', '1.000'], 'c': ['2613.01000', '0.00066796'], 'v': ['15682.98437632', '38487.33810216'], 'p': ['2623.72737', '2670.96079'], 't': [15280, 48360], 'l': ['2590.00000', '2590.00000'], 'h': ['2699.33000', '2724.02000'], 'o': '2697.15000'}, 'SOLUSD': {'a': ['118.33000', '122', '122.000'], 'b': ['118.32000', '111', '111.000'], 'c': ['118.33000', '0.34027700'], 'v': ['99208.39160674', '350325.01732281'], 'p': ['118.35904', '119.94197'], 't': [7277, 36404], 'l': ['117.01000', '117.01000'], 'h': ['120.69000', '121.97000'], 'o': '120.69000'}, 'XXBTZUSD': {'a': ['84176.00000', '3', '3.000'], 'b': ['84175.90000', '1', '1.000'], 'c': ['84176.00000', '0.00631706'], 'v': ['869.78339863', '2841.56695794'], 'p': ['84271.13788', '85382.70936'], 't': [26584, 114656], 'l': ['83555.00000', '83555.00000'], 'h': ['85588.90000', '86683.40000'], 'o': '85542.00000'}}
Ingested successful: Pipeline crypto_realtime load step finished in 0.11 seconds
1 load package(s) were loaded to destination postgres and into dataset raw_crypto
The postgres destination used postgresql://dbt_user:***@localhost:5432/dbt_practice location to store data
Load package 1791345308.6535616 is LOADED and contains no failed jobs
[Wed 07 Oct 2026 14:55:14 AEDT] Starting data transformation
[0m03:55:16  Running with dbt=1.12.5
[0m03:55:17  Registered adapter: postgres=1.11.0
[0m03:55:18  Found 2 models, 1 snapshot, 9 data tests, 1 source, 479 macros
[0m03:55:18  
[0m03:55:18  Concurrency: 4 threads (target='prod')
[0m03:55:18  
[0m03:55:18  1 of 12 START sql view model raw_crypto.stg_crypto_prices ...................... [RUN]
[0m03:55:18  2 of 12 START snapshot crypto_transform.snap_pricing_history ................... [RUN]
[0m03:55:18  1 of 12 OK created sql view model raw_crypto.stg_crypto_prices ................. [[32mCREATE VIEW[0m in 0.45s]
[0m03:55:19  3 of 12 START sql incremental model raw_crypto.fct_crypto_metrics .............. [RUN]
[0m03:55:19  [[33mWARNING[0m]: Detected columns with numeric type and unspecified precision/scale, this can lead to unintended rounding: ['price_usd', 'rolling_6_period_avg_price', 'price_change_since_last_tick']`
[0m03:55:19  2 of 12 OK snapshotted crypto_transform.snap_pricing_history ................... [[32mINSERT 0 172[0m in 0.81s]
[0m03:55:19  3 of 12 OK created sql incremental model raw_crypto.fct_crypto_metrics ......... [[32mINSERT 0 2[0m in 0.45s]
[0m03:55:19  4 of 12 START test not_null_fct_crypto_metrics_coin_id ......................... [RUN]
[0m03:55:19  7 of 12 START test not_null_fct_crypto_metrics_price_timestamp ................. [RUN]
[0m03:55:19  6 of 12 START test not_null_fct_crypto_metrics_price_change_since_last_tick .... [RUN]
[0m03:55:19  5 of 12 START test not_null_fct_crypto_metrics_coin_name ....................... [RUN]
[0m03:55:19  6 of 12 PASS not_null_fct_crypto_metrics_price_change_since_last_tick .......... [[32mPASS[0m in 0.30s]
[0m03:55:19  8 of 12 START test not_null_fct_crypto_metrics_price_usd ....................... [RUN]
[0m03:55:19  5 of 12 PASS not_null_fct_crypto_metrics_coin_name ............................. [[32mPASS[0m in 0.31s]
[0m03:55:19  4 of 12 PASS not_null_fct_crypto_metrics_coin_id ............................... [[32mPASS[0m in 0.32s]
[0m03:55:19  7 of 12 PASS not_null_fct_crypto_metrics_price_timestamp ....................... [[32mPASS[0m in 0.33s]
[0m03:55:19  9 of 12 START test not_null_fct_crypto_metrics_rolling_6_period_avg_price ...... [RUN]
[0m03:55:19  10 of 12 START test not_null_fct_crypto_metrics_surrogate_key .................. [RUN]
[0m03:55:19  11 of 12 START test not_null_fct_crypto_metrics_symbol ......................... [RUN]
[0m03:55:19  8 of 12 PASS not_null_fct_crypto_metrics_price_usd ............................. [[32mPASS[0m in 0.12s]
[0m03:55:19  12 of 12 START test unique_fct_crypto_metrics_surrogate_key .................... [RUN]
[0m03:55:19  9 of 12 PASS not_null_fct_crypto_metrics_rolling_6_period_avg_price ............ [[32mPASS[0m in 0.16s]
[0m03:55:20  11 of 12 PASS not_null_fct_crypto_metrics_symbol ............................... [[32mPASS[0m in 0.17s]
[0m03:55:20  10 of 12 PASS not_null_fct_crypto_metrics_surrogate_key ........................ [[32mPASS[0m in 0.18s]
[0m03:55:20  12 of 12 PASS unique_fct_crypto_metrics_surrogate_key .......................... [[32mPASS[0m in 0.13s]
[0m03:55:20  
[0m03:55:20  Finished running 1 incremental model, 1 snapshot, 9 data tests, 1 view model in 0 hours 0 minutes and 1.92 seconds (1.92s).
[0m03:55:20  
[0m03:55:20  [32mCompleted successfully[0m
[0m03:55:20  
[0m03:55:20  Done. PASS=12 WARN=0 ERROR=0 SKIP=0 NO-OP=0 REUSED=0 TOTAL=12
[Wed 07 Oct 2026 14:55:26 AEDT] Pipeline completed successfully.
[Wed 07 Oct 2026 15:00:01 AEDT] Starting pipeline run
[Wed 07 Oct 2026 15:00:01 AEDT] Starting data ingestion
[2026-10-07T04:00:03.179920+00:00] Fetching ticker data...
{'XETHZUSD': {'a': ['2610.49000', '1', '1.000'], 'b': ['2610.48000', '8', '8.000'], 'c': ['2610.49000', '1.15791700'], 'v': ['15815.46660128', '38614.71128823'], 'p': ['2623.62774', '2670.75429'], 't': [15450, 48478], 'l': ['2590.00000', '2590.00000'], 'h': ['2699.33000', '2724.02000'], 'o': '2697.15000'}, 'SOLUSD': {'a': ['118.24000', '85', '85.000'], 'b': ['118.23000', '99', '99.000'], 'c': ['118.24000', '0.84580901'], 'v': ['99304.61927782', '350121.42119182'], 'p': ['118.35899', '119.94146'], 't': [7336, 36394], 'l': ['117.01000', '117.01000'], 'h': ['120.69000', '121.97000'], 'o': '120.69000'}, 'XXBTZUSD': {'a': ['84130.40000', '1', '1.000'], 'b': ['84130.30000', '2', '2.000'], 'c': ['84130.30000', '0.00044574'], 'v': ['878.68847479', '2849.74929760'], 'p': ['84269.83217', '85378.80557'], 't': [27013, 114881], 'l': ['83555.00000', '83555.00000'], 'h': ['85588.90000', '86683.40000'], 'o': '85542.00000'}}
Ingested successful: Pipeline crypto_realtime load step finished in 0.07 seconds
1 load package(s) were loaded to destination postgres and into dataset raw_crypto
The postgres destination used postgresql://dbt_user:***@localhost:5432/dbt_practice location to store data
Load package 1791345608.8321812 is LOADED and contains no failed jobs
[Wed 07 Oct 2026 15:00:14 AEDT] Starting data transformation
[0m04:00:17  Running with dbt=1.12.5
[0m04:00:18  Registered adapter: postgres=1.11.0
[0m04:00:18  Found 2 models, 1 snapshot, 9 data tests, 1 source, 479 macros
[0m04:00:18  
[0m04:00:18  Concurrency: 4 threads (target='prod')
[0m04:00:18  
[0m04:00:19  1 of 12 START sql view model raw_crypto.stg_crypto_prices ...................... [RUN]
[0m04:00:19  2 of 12 START snapshot crypto_transform.snap_pricing_history ................... [RUN]
[0m04:00:19  1 of 12 OK created sql view model raw_crypto.stg_crypto_prices ................. [[32mCREATE VIEW[0m in 0.47s]
[0m04:00:19  3 of 12 START sql incremental model raw_crypto.fct_crypto_metrics .............. [RUN]
[0m04:00:19  [[33mWARNING[0m]: Detected columns with numeric type and unspecified precision/scale, this can lead to unintended rounding: ['price_usd', 'rolling_6_period_avg_price', 'price_change_since_last_tick']`
[0m04:00:19  2 of 12 OK snapshotted crypto_transform.snap_pricing_history ................... [[32mINSERT 0 172[0m in 0.80s]
[0m04:00:20  3 of 12 OK created sql incremental model raw_crypto.fct_crypto_metrics ......... [[32mINSERT 0 2[0m in 0.53s]
[0m04:00:20  4 of 12 START test not_null_fct_crypto_metrics_coin_id ......................... [RUN]
[0m04:00:20  6 of 12 START test not_null_fct_crypto_metrics_price_change_since_last_tick .... [RUN]
[0m04:00:20  5 of 12 START test not_null_fct_crypto_metrics_coin_name ....................... [RUN]
[0m04:00:20  7 of 12 START test not_null_fct_crypto_metrics_price_timestamp ................. [RUN]
[0m04:00:20  7 of 12 PASS not_null_fct_crypto_metrics_price_timestamp ....................... [[32mPASS[0m in 0.23s]
[0m04:00:20  8 of 12 START test not_null_fct_crypto_metrics_price_usd ....................... [RUN]
[0m04:00:20  4 of 12 PASS not_null_fct_crypto_metrics_coin_id ............................... [[32mPASS[0m in 0.27s]
[0m04:00:20  6 of 12 PASS not_null_fct_crypto_metrics_price_change_since_last_tick .......... [[32mPASS[0m in 0.27s]
[0m04:00:20  5 of 12 PASS not_null_fct_crypto_metrics_coin_name ............................. [[32mPASS[0m in 0.27s]
[0m04:00:20  9 of 12 START test not_null_fct_crypto_metrics_rolling_6_period_avg_price ...... [RUN]
[0m04:00:20  10 of 12 START test not_null_fct_crypto_metrics_surrogate_key .................. [RUN]
[0m04:00:20  11 of 12 START test not_null_fct_crypto_metrics_symbol ......................... [RUN]
[0m04:00:20  8 of 12 PASS not_null_fct_crypto_metrics_price_usd ............................. [[32mPASS[0m in 0.21s]
[0m04:00:20  12 of 12 START test unique_fct_crypto_metrics_surrogate_key .................... [RUN]
[0m04:00:20  11 of 12 PASS not_null_fct_crypto_metrics_symbol ............................... [[32mPASS[0m in 0.21s]
[0m04:00:20  9 of 12 PASS not_null_fct_crypto_metrics_rolling_6_period_avg_price ............ [[32mPASS[0m in 0.22s]
[0m04:00:20  10 of 12 PASS not_null_fct_crypto_metrics_surrogate_key ........................ [[32mPASS[0m in 0.24s]
[0m04:00:20  12 of 12 PASS unique_fct_crypto_metrics_surrogate_key .......................... [[32mPASS[0m in 0.07s]
[0m04:00:20  
[0m04:00:20  Finished running 1 incremental model, 1 snapshot, 9 data tests, 1 view model in 0 hours 0 minutes and 1.96 seconds (1.96s).
[0m04:00:20  
[0m04:00:20  [32mCompleted successfully[0m
[0m04:00:20  
[0m04:00:20  Done. PASS=12 WARN=0 ERROR=0 SKIP=0 NO-OP=0 REUSED=0 TOTAL=12
[Wed 07 Oct 2026 15:00:27 AEDT] Pipeline completed successfully.
[Wed 07 Oct 2026 15:05:01 AEDT] Starting pipeline run
[Wed 07 Oct 2026 15:05:01 AEDT] Starting data ingestion
[2026-10-07T04:05:02.857709+00:00] Fetching ticker data...
{'XETHZUSD': {'a': ['2612.02000', '7', '7.000'], 'b': ['2612.01000', '1', '1.000'], 'c': ['2612.34000', '1.91746988'], 'v': ['16090.58824777', '38858.07104675'], 'p': ['2623.43502', '2670.31868'], 't': [15670, 48623], 'l': ['2590.00000', '2590.00000'], 'h': ['2699.33000', '2724.02000'], 'o': '2697.15000'}, 'SOLUSD': {'a': ['118.26000', '113', '113.000'], 'b': ['118.25000', '13', '13.000'], 'c': ['118.27000', '5.23120000'], 'v': ['99616.73131214', '350353.27633609'], 'p': ['118.35862', '119.93992'], 't': [7418, 36409], 'l': ['117.01000', '117.01000'], 'h': ['120.69000', '121.97000'], 'o': '120.69000'}, 'XXBTZUSD': {'a': ['84163.50000', '2', '2.000'], 'b': ['84163.40000', '1', '1.000'], 'c': ['84167.30000', '0.00005100'], 'v': ['894.48956264', '2863.16395025'], 'p': ['84267.72066', '85371.90540'], 't': [27511, 115075], 'l': ['83555.00000', '83555.00000'], 'h': ['85588.90000', '86683.40000'], 'o': '85542.00000'}}
Ingested successful: Pipeline crypto_realtime load step finished in 0.07 seconds
1 load package(s) were loaded to destination postgres and into dataset raw_crypto
The postgres destination used postgresql://dbt_user:***@localhost:5432/dbt_practice location to store data
Load package 1791345909.418759 is LOADED and contains no failed jobs
[Wed 07 Oct 2026 15:05:14 AEDT] Starting data transformation
[0m04:05:18  Running with dbt=1.12.5
[0m04:05:19  Registered adapter: postgres=1.11.0
[0m04:05:20  Found 2 models, 1 snapshot, 9 data tests, 1 source, 480 macros
[0m04:05:20  
[0m04:05:20  Concurrency: 4 threads (target='prod')
[0m04:05:20  
[0m04:05:20  1 of 12 START sql view model raw_crypto.stg_crypto_prices ...................... [RUN]
[0m04:05:20  2 of 12 START snapshot crypto_transform.snap_pricing_history ................... [RUN]
[0m04:05:21  1 of 12 OK created sql view model raw_crypto.stg_crypto_prices ................. [[32mCREATE VIEW[0m in 0.49s]
[0m04:05:21  3 of 12 START sql incremental model raw_crypto.fct_crypto_metrics .............. [RUN]
[0m04:05:21  [[33mWARNING[0m]: Detected columns with numeric type and unspecified precision/scale, this can lead to unintended rounding: ['price_usd', 'rolling_6_period_avg_price', 'price_change_since_last_tick']`
[0m04:05:21  2 of 12 OK snapshotted crypto_transform.snap_pricing_history ................... [[32mINSERT 0 172[0m in 0.86s]
[0m04:05:21  3 of 12 OK created sql incremental model raw_crypto.fct_crypto_metrics ......... [[32mINSERT 0 2[0m in 0.48s]
[0m04:05:21  7 of 12 START test not_null_fct_crypto_metrics_price_timestamp ................. [RUN]
[0m04:05:21  6 of 12 START test not_null_fct_crypto_metrics_price_change_since_last_tick .... [RUN]
[0m04:05:21  5 of 12 START test not_null_fct_crypto_metrics_coin_name ....................... [RUN]
[0m04:05:21  4 of 12 START test not_null_fct_crypto_metrics_coin_id ......................... [RUN]
[0m04:05:22  4 of 12 PASS not_null_fct_crypto_metrics_coin_id ............................... [[32mPASS[0m in 0.36s]
[0m04:05:22  8 of 12 START test not_null_fct_crypto_metrics_price_usd ....................... [RUN]
[0m04:05:22  6 of 12 PASS not_null_fct_crypto_metrics_price_change_since_last_tick .......... [[32mPASS[0m in 0.38s]
[0m04:05:22  9 of 12 START test not_null_fct_crypto_metrics_rolling_6_period_avg_price ...... [RUN]
[0m04:05:22  5 of 12 PASS not_null_fct_crypto_metrics_coin_name ............................. [[32mPASS[0m in 0.40s]
[0m04:05:22  7 of 12 PASS not_null_fct_crypto_metrics_price_timestamp ....................... [[32mPASS[0m in 0.40s]
[0m04:05:22  10 of 12 START test not_null_fct_crypto_metrics_surrogate_key .................. [RUN]
[0m04:05:22  11 of 12 START test not_null_fct_crypto_metrics_symbol ......................... [RUN]
[0m04:05:22  8 of 12 PASS not_null_fct_crypto_metrics_price_usd ............................. [[32mPASS[0m in 0.12s]
[0m04:05:22  12 of 12 START test unique_fct_crypto_metrics_surrogate_key .................... [RUN]
[0m04:05:22  9 of 12 PASS not_null_fct_crypto_metrics_rolling_6_period_avg_price ............ [[32mPASS[0m in 0.10s]
[0m04:05:22  11 of 12 PASS not_null_fct_crypto_metrics_symbol ............................... [[32mPASS[0m in 0.12s]
[0m04:05:22  10 of 12 PASS not_null_fct_crypto_metrics_surrogate_key ........................ [[32mPASS[0m in 0.15s]
[0m04:05:22  12 of 12 PASS unique_fct_crypto_metrics_surrogate_key .......................... [[32mPASS[0m in 0.12s]
[0m04:05:22  
[0m04:05:22  Finished running 1 incremental model, 1 snapshot, 9 data tests, 1 view model in 0 hours 0 minutes and 1.91 seconds (1.91s).
[0m04:05:22  
[0m04:05:22  [32mCompleted successfully[0m
[0m04:05:22  
[0m04:05:22  Done. PASS=12 WARN=0 ERROR=0 SKIP=0 NO-OP=0 REUSED=0 TOTAL=12
[Wed 07 Oct 2026 15:05:29 AEDT] Pipeline completed successfully.
[Wed 07 Oct 2026 15:10:01 AEDT] Starting pipeline run
[Wed 07 Oct 2026 15:10:01 AEDT] Starting data ingestion
[2026-10-07T04:10:02.385861+00:00] Fetching ticker data...
{'XETHZUSD': {'a': ['2611.58000', '7', '7.000'], 'b': ['2611.57000', '1', '1.000'], 'c': ['2611.57000', '0.00087956'], 'v': ['16162.20416932', '38921.01208322'], 'p': ['2623.37829', '2670.20213'], 't': [15800, 48681], 'l': ['2590.00000', '2590.00000'], 'h': ['2699.33000', '2724.02000'], 'o': '2697.15000'}, 'SOLUSD': {'a': ['118.18000', '85', '85.000'], 'b': ['118.17000', '120', '120.000'], 'c': ['118.17000', '0.08840324'], 'v': ['99885.93097611', '350575.44609621'], 'p': ['118.35794', '119.93849'], 't': [7489, 36390], 'l': ['117.01000', '117.01000'], 'h': ['120.69000', '121.97000'], 'o': '120.69000'}, 'XXBTZUSD': {'a': ['84113.90000', '1', '1.000'], 'b': ['84113.80000', '2', '2.000'], 'c': ['84113.80000', '0.00481384'], 'v': ['898.78673325', '2866.56407859'], 'p': ['84266.88632', '85369.92530'], 't': [27839, 115112], 'l': ['83555.00000', '83555.00000'], 'h': ['85588.90000', '86683.40000'], 'o': '85542.00000'}}
Ingested successful: Pipeline crypto_realtime load step finished in 0.08 seconds
1 load package(s) were loaded to destination postgres and into dataset raw_crypto
The postgres destination used postgresql://dbt_user:***@localhost:5432/dbt_practice location to store data
Load package 1791346208.1555858 is LOADED and contains no failed jobs
[Wed 07 Oct 2026 15:10:14 AEDT] Starting data transformation
[0m04:10:17  Running with dbt=1.12.5
[0m04:10:17  Registered adapter: postgres=1.11.0
[0m04:10:18  [[31mERROR[0m]: Encountered an error:
Parsing Error
  Invalid test config given in models/staging/_staging__models.yml:
  	test definition dictionary must have exactly one key, got [('api_downtime', None), ('timestamp_column', 'price_timestamp'), ('max_hours_lag', 4), ('config', {'severity': 'error'})] instead (4 keys)
  	@: UnparsedModelUpdate(original_file_path='mode...ne)
[Wed 07 Oct 2026 15:15:01 AEDT] Starting pipeline run
[Wed 07 Oct 2026 15:15:01 AEDT] Starting data ingestion
[2026-10-07T04:15:02.355635+00:00] Fetching ticker data...
{'XETHZUSD': {'a': ['2611.25000', '6', '6.000'], 'b': ['2611.24000', '1', '1.000'], 'c': ['2611.24000', '0.03984267'], 'v': ['16229.26675323', '38974.69712766'], 'p': ['2623.32931', '2670.09034'], 't': [15893, 48704], 'l': ['2590.00000', '2590.00000'], 'h': ['2699.33000', '2724.02000'], 'o': '2697.15000'}, 'SOLUSD': {'a': ['118.34000', '98', '98.000'], 'b': ['118.33000', '113', '113.000'], 'c': ['118.34000', '5.23120000'], 'v': ['99981.51881182', '350616.42264479'], 'p': ['118.35785', '119.93801'], 't': [7534, 36384], 'l': ['117.01000', '117.01000'], 'h': ['120.69000', '121.97000'], 'o': '120.69000'}, 'XXBTZUSD': {'a': ['84113.40000', '1', '1.000'], 'b': ['84113.30000', '1', '1.000'], 'c': ['84113.30000', '0.16965767'], 'v': ['904.36022770', '2870.81245328'], 'p': ['84265.92307', '85367.38189'], 't': [28011, 115159], 'l': ['83555.00000', '83555.00000'], 'h': ['85588.90000', '86683.40000'], 'o': '85542.00000'}}
Ingested successful: Pipeline crypto_realtime load step finished in 0.07 seconds
1 load package(s) were loaded to destination postgres and into dataset raw_crypto
The postgres destination used postgresql://dbt_user:***@localhost:5432/dbt_practice location to store data
Load package 1791346507.9301581 is LOADED and contains no failed jobs
[Wed 07 Oct 2026 15:15:13 AEDT] Starting data transformation
[0m04:15:16  Running with dbt=1.12.5
[0m04:15:17  Registered adapter: postgres=1.11.0
[0m04:15:17  Unable to do partial parsing because config vars, config profile, or config target have changed
[0m04:15:17  Unable to do partial parsing because profile has changed
[0m04:15:21  [[33mWARNING[0m][MissingArgumentsPropertyInGenericTestDeprecation]: Deprecated
functionality
Found top-level arguments to test `api_downtime` defined on 'stg_crypto_prices'
in package 'crypto_transform' (models/staging/_staging__models.yml). Arguments
to generic tests should be nested under the `arguments` property.
[0m04:15:21  Found 2 models, 1 snapshot, 10 data tests, 1 source, 480 macros
[0m04:15:21  
[0m04:15:21  Concurrency: 4 threads (target='prod')
[0m04:15:21  
[0m04:15:21  1 of 13 START sql view model raw_crypto.stg_crypto_prices ...................... [RUN]
[0m04:15:21  2 of 13 START snapshot crypto_transform.snap_pricing_history ................... [RUN]
[0m04:15:22  1 of 13 OK created sql view model raw_crypto.stg_crypto_prices ................. [[32mCREATE VIEW[0m in 0.47s]
[0m04:15:22  3 of 13 START test api_downtime_stg_crypto_prices_4__price_timestamp ........... [RUN]
[0m04:15:22  3 of 13 PASS api_downtime_stg_crypto_prices_4__price_timestamp ................. [[32mPASS[0m in 0.09s]
[0m04:15:22  4 of 13 START sql incremental model raw_crypto.fct_crypto_metrics .............. [RUN]
[0m04:15:22  [[33mWARNING[0m]: Detected columns with numeric type and unspecified precision/scale, this can lead to unintended rounding: ['price_usd', 'rolling_6_period_avg_price', 'price_change_since_last_tick']`
[0m04:15:22  2 of 13 OK snapshotted crypto_transform.snap_pricing_history ................... [[32mINSERT 0 172[0m in 0.85s]
[0m04:15:22  4 of 13 OK created sql incremental model raw_crypto.fct_crypto_metrics ......... [[32mINSERT 0 4[0m in 0.47s]
[0m04:15:23  8 of 13 START test not_null_fct_crypto_metrics_price_timestamp ................. [RUN]
[0m04:15:23  5 of 13 START test not_null_fct_crypto_metrics_coin_id ......................... [RUN]
[0m04:15:23  7 of 13 START test not_null_fct_crypto_metrics_price_change_since_last_tick .... [RUN]
[0m04:15:23  6 of 13 START test not_null_fct_crypto_metrics_coin_name ....................... [RUN]
[0m04:15:23  6 of 13 PASS not_null_fct_crypto_metrics_coin_name ............................. [[32mPASS[0m in 0.16s]
[0m04:15:23  9 of 13 START test not_null_fct_crypto_metrics_price_usd ....................... [RUN]
[0m04:15:23  5 of 13 PASS not_null_fct_crypto_metrics_coin_id ............................... [[32mPASS[0m in 0.20s]
[0m04:15:23  8 of 13 PASS not_null_fct_crypto_metrics_price_timestamp ....................... [[32mPASS[0m in 0.22s]
[0m04:15:23  10 of 13 START test not_null_fct_crypto_metrics_rolling_6_period_avg_price ..... [RUN]
[0m04:15:23  7 of 13 PASS not_null_fct_crypto_metrics_price_change_since_last_tick .......... [[32mPASS[0m in 0.25s]
[0m04:15:23  11 of 13 START test not_null_fct_crypto_metrics_surrogate_key .................. [RUN]
[0m04:15:23  12 of 13 START test not_null_fct_crypto_metrics_symbol ......................... [RUN]
[0m04:15:23  9 of 13 PASS not_null_fct_crypto_metrics_price_usd ............................. [[32mPASS[0m in 0.29s]
[0m04:15:23  13 of 13 START test unique_fct_crypto_metrics_surrogate_key .................... [RUN]
[0m04:15:23  10 of 13 PASS not_null_fct_crypto_metrics_rolling_6_period_avg_price ........... [[32mPASS[0m in 0.32s]
[0m04:15:23  12 of 13 PASS not_null_fct_crypto_metrics_symbol ............................... [[32mPASS[0m in 0.19s]
[0m04:15:23  11 of 13 PASS not_null_fct_crypto_metrics_surrogate_key ........................ [[32mPASS[0m in 0.28s]
[0m04:15:23  13 of 13 PASS unique_fct_crypto_metrics_surrogate_key .......................... [[32mPASS[0m in 0.11s]
[0m04:15:23  
[0m04:15:23  Finished running 1 incremental model, 1 snapshot, 10 data tests, 1 view model in 0 hours 0 minutes and 1.96 seconds (1.96s).
[0m04:15:23  
[0m04:15:23  [32mCompleted successfully[0m
[0m04:15:23  
[0m04:15:23  Done. PASS=13 WARN=0 ERROR=0 SKIP=0 NO-OP=0 REUSED=0 TOTAL=13
[0m04:15:23  [[33mWARNING[0m][DeprecationsSummary]: Deprecated functionality
Summary of encountered deprecations:
- MissingArgumentsPropertyInGenericTestDeprecation: 1 occurrence
To see all deprecation instances instead of just the first occurrence of each,
run command again with the `--show-all-deprecations` flag. You may also need to
run with `--no-partial-parse` as some deprecations are only encountered during
parsing.
[Wed 07 Oct 2026 15:15:31 AEDT] Pipeline completed successfully.
